--
-- PostgreSQL database dump
--

-- Dumped from database version 15.4 (Debian 15.4-1.pgdg120+1)
-- Dumped by pg_dump version 15.4 (Debian 15.4-1.pgdg120+1)

SET statement_timeout = 0;
SET lock_timeout = 0;
SET idle_in_transaction_session_timeout = 0;
SET client_encoding = 'UTF8';
SET standard_conforming_strings = on;
SELECT pg_catalog.set_config('search_path', '', false);
SET check_function_bodies = false;
SET xmloption = content;
SET client_min_messages = warning;
SET row_security = off;

SET default_tablespace = '';

SET default_table_access_method = heap;

--
-- Name: auth_group; Type: TABLE; Schema: public; Owner: postgres
--

CREATE TABLE public.auth_group (
    id integer NOT NULL,
    name character varying(150) NOT NULL
);


ALTER TABLE public.auth_group OWNER TO postgres;

--
-- Name: auth_group_id_seq; Type: SEQUENCE; Schema: public; Owner: postgres
--

ALTER TABLE public.auth_group ALTER COLUMN id ADD GENERATED BY DEFAULT AS IDENTITY (
    SEQUENCE NAME public.auth_group_id_seq
    START WITH 1
    INCREMENT BY 1
    NO MINVALUE
    NO MAXVALUE
    CACHE 1
);


--
-- Name: auth_group_permissions; Type: TABLE; Schema: public; Owner: postgres
--

CREATE TABLE public.auth_group_permissions (
    id bigint NOT NULL,
    group_id integer NOT NULL,
    permission_id integer NOT NULL
);


ALTER TABLE public.auth_group_permissions OWNER TO postgres;

--
-- Name: auth_group_permissions_id_seq; Type: SEQUENCE; Schema: public; Owner: postgres
--

ALTER TABLE public.auth_group_permissions ALTER COLUMN id ADD GENERATED BY DEFAULT AS IDENTITY (
    SEQUENCE NAME public.auth_group_permissions_id_seq
    START WITH 1
    INCREMENT BY 1
    NO MINVALUE
    NO MAXVALUE
    CACHE 1
);


--
-- Name: auth_permission; Type: TABLE; Schema: public; Owner: postgres
--

CREATE TABLE public.auth_permission (
    id integer NOT NULL,
    name character varying(255) NOT NULL,
    content_type_id integer NOT NULL,
    codename character varying(100) NOT NULL
);


ALTER TABLE public.auth_permission OWNER TO postgres;

--
-- Name: auth_permission_id_seq; Type: SEQUENCE; Schema: public; Owner: postgres
--

ALTER TABLE public.auth_permission ALTER COLUMN id ADD GENERATED BY DEFAULT AS IDENTITY (
    SEQUENCE NAME public.auth_permission_id_seq
    START WITH 1
    INCREMENT BY 1
    NO MINVALUE
    NO MAXVALUE
    CACHE 1
);


--
-- Name: cab_services_batch; Type: TABLE; Schema: public; Owner: postgres
--

CREATE TABLE public.cab_services_batch (
    id bigint NOT NULL,
    "batchName" character varying(100) NOT NULL,
    "batchTime" time without time zone,
    "endDate" date,
    "startDate" date,
    "adminCode_id" character varying(4)
);


ALTER TABLE public.cab_services_batch OWNER TO postgres;

--
-- Name: cab_services_batch_id_seq; Type: SEQUENCE; Schema: public; Owner: postgres
--

ALTER TABLE public.cab_services_batch ALTER COLUMN id ADD GENERATED BY DEFAULT AS IDENTITY (
    SEQUENCE NAME public.cab_services_batch_id_seq
    START WITH 1
    INCREMENT BY 1
    NO MINVALUE
    NO MAXVALUE
    CACHE 1
);


--
-- Name: cab_services_cab; Type: TABLE; Schema: public; Owner: postgres
--

CREATE TABLE public.cab_services_cab (
    id bigint NOT NULL,
    "regNumber" character varying(100),
    capacity integer NOT NULL,
    km integer NOT NULL,
    "regDate" timestamp with time zone NOT NULL,
    thumbnail bytea,
    "adminCode_id" character varying(4),
    "routeId_id" bigint
);


ALTER TABLE public.cab_services_cab OWNER TO postgres;

--
-- Name: cab_services_cab_id_seq; Type: SEQUENCE; Schema: public; Owner: postgres
--

ALTER TABLE public.cab_services_cab ALTER COLUMN id ADD GENERATED BY DEFAULT AS IDENTITY (
    SEQUENCE NAME public.cab_services_cab_id_seq
    START WITH 1
    INCREMENT BY 1
    NO MINVALUE
    NO MAXVALUE
    CACHE 1
);


--
-- Name: cab_services_pickuppoints; Type: TABLE; Schema: public; Owner: postgres
--

CREATE TABLE public.cab_services_pickuppoints (
    id bigint NOT NULL,
    "pickUpPointName" character varying(100) NOT NULL,
    lat double precision NOT NULL,
    longitude double precision NOT NULL,
    "adminCode_id" character varying(4),
    "routeId_id" bigint
);


ALTER TABLE public.cab_services_pickuppoints OWNER TO postgres;

--
-- Name: cab_services_pickuppoints_id_seq; Type: SEQUENCE; Schema: public; Owner: postgres
--

ALTER TABLE public.cab_services_pickuppoints ALTER COLUMN id ADD GENERATED BY DEFAULT AS IDENTITY (
    SEQUENCE NAME public.cab_services_pickuppoints_id_seq
    START WITH 1
    INCREMENT BY 1
    NO MINVALUE
    NO MAXVALUE
    CACHE 1
);


--
-- Name: cab_services_routes; Type: TABLE; Schema: public; Owner: postgres
--

CREATE TABLE public.cab_services_routes (
    id bigint NOT NULL,
    "routeName" character varying(100) NOT NULL,
    "adminCode_id" character varying(4)
);


ALTER TABLE public.cab_services_routes OWNER TO postgres;

--
-- Name: cab_services_routes_id_seq; Type: SEQUENCE; Schema: public; Owner: postgres
--

ALTER TABLE public.cab_services_routes ALTER COLUMN id ADD GENERATED BY DEFAULT AS IDENTITY (
    SEQUENCE NAME public.cab_services_routes_id_seq
    START WITH 1
    INCREMENT BY 1
    NO MINVALUE
    NO MAXVALUE
    CACHE 1
);


--
-- Name: django_admin_log; Type: TABLE; Schema: public; Owner: postgres
--

CREATE TABLE public.django_admin_log (
    id integer NOT NULL,
    action_time timestamp with time zone NOT NULL,
    object_id text,
    object_repr character varying(200) NOT NULL,
    action_flag smallint NOT NULL,
    change_message text NOT NULL,
    content_type_id integer,
    user_id bigint NOT NULL,
    CONSTRAINT django_admin_log_action_flag_check CHECK ((action_flag >= 0))
);


ALTER TABLE public.django_admin_log OWNER TO postgres;

--
-- Name: django_admin_log_id_seq; Type: SEQUENCE; Schema: public; Owner: postgres
--

ALTER TABLE public.django_admin_log ALTER COLUMN id ADD GENERATED BY DEFAULT AS IDENTITY (
    SEQUENCE NAME public.django_admin_log_id_seq
    START WITH 1
    INCREMENT BY 1
    NO MINVALUE
    NO MAXVALUE
    CACHE 1
);


--
-- Name: django_content_type; Type: TABLE; Schema: public; Owner: postgres
--

CREATE TABLE public.django_content_type (
    id integer NOT NULL,
    app_label character varying(100) NOT NULL,
    model character varying(100) NOT NULL
);


ALTER TABLE public.django_content_type OWNER TO postgres;

--
-- Name: django_content_type_id_seq; Type: SEQUENCE; Schema: public; Owner: postgres
--

ALTER TABLE public.django_content_type ALTER COLUMN id ADD GENERATED BY DEFAULT AS IDENTITY (
    SEQUENCE NAME public.django_content_type_id_seq
    START WITH 1
    INCREMENT BY 1
    NO MINVALUE
    NO MAXVALUE
    CACHE 1
);


--
-- Name: django_migrations; Type: TABLE; Schema: public; Owner: postgres
--

CREATE TABLE public.django_migrations (
    id bigint NOT NULL,
    app character varying(255) NOT NULL,
    name character varying(255) NOT NULL,
    applied timestamp with time zone NOT NULL
);


ALTER TABLE public.django_migrations OWNER TO postgres;

--
-- Name: django_migrations_id_seq; Type: SEQUENCE; Schema: public; Owner: postgres
--

ALTER TABLE public.django_migrations ALTER COLUMN id ADD GENERATED BY DEFAULT AS IDENTITY (
    SEQUENCE NAME public.django_migrations_id_seq
    START WITH 1
    INCREMENT BY 1
    NO MINVALUE
    NO MAXVALUE
    CACHE 1
);


--
-- Name: django_session; Type: TABLE; Schema: public; Owner: postgres
--

CREATE TABLE public.django_session (
    session_key character varying(40) NOT NULL,
    session_data text NOT NULL,
    expire_date timestamp with time zone NOT NULL
);


ALTER TABLE public.django_session OWNER TO postgres;

--
-- Name: user_servcies_commuter; Type: TABLE; Schema: public; Owner: postgres
--

CREATE TABLE public.user_servcies_commuter (
    id bigint NOT NULL,
    "collegeName" character varying(100),
    "isComing" boolean NOT NULL,
    address character varying(100),
    "adminCode_id" character varying(4),
    "batchId_id" bigint,
    "cabId_id" bigint,
    "popId_id" bigint,
    "userId_id" bigint NOT NULL
);


ALTER TABLE public.user_servcies_commuter OWNER TO postgres;

--
-- Name: user_servcies_commuter_id_seq; Type: SEQUENCE; Schema: public; Owner: postgres
--

ALTER TABLE public.user_servcies_commuter ALTER COLUMN id ADD GENERATED BY DEFAULT AS IDENTITY (
    SEQUENCE NAME public.user_servcies_commuter_id_seq
    START WITH 1
    INCREMENT BY 1
    NO MINVALUE
    NO MAXVALUE
    CACHE 1
);


--
-- Name: user_servcies_driver; Type: TABLE; Schema: public; Owner: postgres
--

CREATE TABLE public.user_servcies_driver (
    id bigint NOT NULL,
    address character varying(100),
    "adminCode_id" character varying(4),
    "batchId_id" bigint,
    "cabId_id" bigint,
    "userId_id" bigint NOT NULL
);


ALTER TABLE public.user_servcies_driver OWNER TO postgres;

--
-- Name: user_servcies_driver_id_seq; Type: SEQUENCE; Schema: public; Owner: postgres
--

ALTER TABLE public.user_servcies_driver ALTER COLUMN id ADD GENERATED BY DEFAULT AS IDENTITY (
    SEQUENCE NAME public.user_servcies_driver_id_seq
    START WITH 1
    INCREMENT BY 1
    NO MINVALUE
    NO MAXVALUE
    CACHE 1
);


--
-- Name: user_servcies_subadmin; Type: TABLE; Schema: public; Owner: postgres
--

CREATE TABLE public.user_servcies_subadmin (
    address character varying(100),
    id character varying(4) NOT NULL,
    "userId_id" bigint NOT NULL
);


ALTER TABLE public.user_servcies_subadmin OWNER TO postgres;

--
-- Name: user_servcies_user; Type: TABLE; Schema: public; Owner: postgres
--

CREATE TABLE public.user_servcies_user (
    id bigint NOT NULL,
    password character varying(128) NOT NULL,
    last_login timestamp with time zone,
    is_superuser boolean NOT NULL,
    first_name character varying(150) NOT NULL,
    last_name character varying(150) NOT NULL,
    email character varying(254) NOT NULL,
    is_staff boolean NOT NULL,
    is_active boolean NOT NULL,
    date_joined timestamp with time zone NOT NULL,
    "userType" character varying(100) NOT NULL,
    username character varying(100),
    "mobileNumber" character varying(20) NOT NULL
);


ALTER TABLE public.user_servcies_user OWNER TO postgres;

--
-- Name: user_servcies_user_groups; Type: TABLE; Schema: public; Owner: postgres
--

CREATE TABLE public.user_servcies_user_groups (
    id bigint NOT NULL,
    user_id bigint NOT NULL,
    group_id integer NOT NULL
);


ALTER TABLE public.user_servcies_user_groups OWNER TO postgres;

--
-- Name: user_servcies_user_groups_id_seq; Type: SEQUENCE; Schema: public; Owner: postgres
--

ALTER TABLE public.user_servcies_user_groups ALTER COLUMN id ADD GENERATED BY DEFAULT AS IDENTITY (
    SEQUENCE NAME public.user_servcies_user_groups_id_seq
    START WITH 1
    INCREMENT BY 1
    NO MINVALUE
    NO MAXVALUE
    CACHE 1
);


--
-- Name: user_servcies_user_id_seq; Type: SEQUENCE; Schema: public; Owner: postgres
--

ALTER TABLE public.user_servcies_user ALTER COLUMN id ADD GENERATED BY DEFAULT AS IDENTITY (
    SEQUENCE NAME public.user_servcies_user_id_seq
    START WITH 1
    INCREMENT BY 1
    NO MINVALUE
    NO MAXVALUE
    CACHE 1
);


--
-- Name: user_servcies_user_user_permissions; Type: TABLE; Schema: public; Owner: postgres
--

CREATE TABLE public.user_servcies_user_user_permissions (
    id bigint NOT NULL,
    user_id bigint NOT NULL,
    permission_id integer NOT NULL
);


ALTER TABLE public.user_servcies_user_user_permissions OWNER TO postgres;

--
-- Name: user_servcies_user_user_permissions_id_seq; Type: SEQUENCE; Schema: public; Owner: postgres
--

ALTER TABLE public.user_servcies_user_user_permissions ALTER COLUMN id ADD GENERATED BY DEFAULT AS IDENTITY (
    SEQUENCE NAME public.user_servcies_user_user_permissions_id_seq
    START WITH 1
    INCREMENT BY 1
    NO MINVALUE
    NO MAXVALUE
    CACHE 1
);


--
-- Data for Name: auth_group; Type: TABLE DATA; Schema: public; Owner: postgres
--

COPY public.auth_group (id, name) FROM stdin;
\.


--
-- Data for Name: auth_group_permissions; Type: TABLE DATA; Schema: public; Owner: postgres
--

COPY public.auth_group_permissions (id, group_id, permission_id) FROM stdin;
\.


--
-- Data for Name: auth_permission; Type: TABLE DATA; Schema: public; Owner: postgres
--

COPY public.auth_permission (id, name, content_type_id, codename) FROM stdin;
1	Can add log entry	1	add_logentry
2	Can change log entry	1	change_logentry
3	Can delete log entry	1	delete_logentry
4	Can view log entry	1	view_logentry
5	Can add permission	2	add_permission
6	Can change permission	2	change_permission
7	Can delete permission	2	delete_permission
8	Can view permission	2	view_permission
9	Can add group	3	add_group
10	Can change group	3	change_group
11	Can delete group	3	delete_group
12	Can view group	3	view_group
13	Can add content type	4	add_contenttype
14	Can change content type	4	change_contenttype
15	Can delete content type	4	delete_contenttype
16	Can view content type	4	view_contenttype
17	Can add session	5	add_session
18	Can change session	5	change_session
19	Can delete session	5	delete_session
20	Can view session	5	view_session
21	Can add batch	6	add_batch
22	Can change batch	6	change_batch
23	Can delete batch	6	delete_batch
24	Can view batch	6	view_batch
25	Can add cab	7	add_cab
26	Can change cab	7	change_cab
27	Can delete cab	7	delete_cab
28	Can view cab	7	view_cab
29	Can add pick up points	8	add_pickuppoints
30	Can change pick up points	8	change_pickuppoints
31	Can delete pick up points	8	delete_pickuppoints
32	Can view pick up points	8	view_pickuppoints
33	Can add routes	9	add_routes
34	Can change routes	9	change_routes
35	Can delete routes	9	delete_routes
36	Can view routes	9	view_routes
37	Can add user	10	add_user
38	Can change user	10	change_user
39	Can delete user	10	delete_user
40	Can view user	10	view_user
41	Can add driver	11	add_driver
42	Can change driver	11	change_driver
43	Can delete driver	11	delete_driver
44	Can view driver	11	view_driver
45	Can add commuter	12	add_commuter
46	Can change commuter	12	change_commuter
47	Can delete commuter	12	delete_commuter
48	Can view commuter	12	view_commuter
49	Can add sub admin	13	add_subadmin
50	Can change sub admin	13	change_subadmin
51	Can delete sub admin	13	delete_subadmin
52	Can view sub admin	13	view_subadmin
\.


--
-- Data for Name: cab_services_batch; Type: TABLE DATA; Schema: public; Owner: postgres
--

COPY public.cab_services_batch (id, "batchName", "batchTime", "endDate", "startDate", "adminCode_id") FROM stdin;
1	B1G1	05:32:00	2024-01-10	2023-09-11	41fb
2	B1G2	05:32:00	2023-11-27	2023-09-14	41fb
3	B2G1	07:30:00	2023-11-27	2023-09-14	41fb
4	B2G2	07:30:00	2023-11-27	2023-09-14	41fb
5	TEST	01:32:00	2023-09-12	2023-09-12	41fb
\.


--
-- Data for Name: cab_services_cab; Type: TABLE DATA; Schema: public; Owner: postgres
--

COPY public.cab_services_cab (id, "regNumber", capacity, km, "regDate", thumbnail, "adminCode_id", "routeId_id") FROM stdin;
1	GJ16BP7399	9	123	2023-09-12 11:17:54.999441+00	\N	\N	1
2	GJ16SM5566	9	456	2023-09-12 11:18:07.603835+00	\N	\N	2
3	GJ21SP1715	9	789	2023-09-12 11:18:34.787238+00	\N	\N	3
4	GJ06	9	147	2023-09-12 11:18:48.581157+00	\N	\N	1
\.


--
-- Data for Name: cab_services_pickuppoints; Type: TABLE DATA; Schema: public; Owner: postgres
--

COPY public.cab_services_pickuppoints (id, "pickUpPointName", lat, longitude, "adminCode_id", "routeId_id") FROM stdin;
1	MADINA HOTEL	1.1	1.1	41fb	1
2	BYPASS	1.2	1.2	41fb	2
3	DHAL	1.3	1.3	41fb	1
4	PACHBATTI	1.4	1.4	41fb	1
5	DEPO	1.5	1.5	41fb	1
6	MANGAL BAZAR	1.6	1.6	41fb	1
7	SHAKTINATH	1.7	1.7	41fb	1
8	SAMBHUDAIRY	1.8	1.8	41fb	1
9	CCD	1.9	1.9	41fb	1
10	TUSLIDHAM	2.1	2.1	41fb	1
11	MADHULI CIRCLE	2.2	2.2	41fb	1
12	PALEJ	2.3	2.3	41fb	3
13	UMRAJ	2.4	2.4	41fb	2
14	SHRAVAN CHOKDI	2.5	2.5	41fb	2
15	HDFC	2.6	2.6	41fb	3
16	SARYU	2.7	2.7	41fb	2
17	MRF	2.8	2.8	41fb	2
18	NANDELAV BRIDGE	2.9	2.9	41fb	2
19	APEX	3.1	3.1	41fb	2
20	GNFC	3.2	3.2	41fb	2
21	AYODHYA	3.4	3.4	41fb	3
22	INOX	3.5	3.5	41fb	1
23	RAMVATIKA	3.6	3.6	41fb	1
\.


--
-- Data for Name: cab_services_routes; Type: TABLE DATA; Schema: public; Owner: postgres
--

COPY public.cab_services_routes (id, "routeName", "adminCode_id") FROM stdin;
1	R1	41fb
2	R2	41fb
3	CR	41fb
\.


--
-- Data for Name: django_admin_log; Type: TABLE DATA; Schema: public; Owner: postgres
--

COPY public.django_admin_log (id, action_time, object_id, object_repr, action_flag, change_message, content_type_id, user_id) FROM stdin;
\.


--
-- Data for Name: django_content_type; Type: TABLE DATA; Schema: public; Owner: postgres
--

COPY public.django_content_type (id, app_label, model) FROM stdin;
1	admin	logentry
2	auth	permission
3	auth	group
4	contenttypes	contenttype
5	sessions	session
6	cab_services	batch
7	cab_services	cab
8	cab_services	pickuppoints
9	cab_services	routes
10	user_servcies	user
11	user_servcies	driver
12	user_servcies	commuter
13	user_servcies	subadmin
\.


--
-- Data for Name: django_migrations; Type: TABLE DATA; Schema: public; Owner: postgres
--

COPY public.django_migrations (id, app, name, applied) FROM stdin;
1	cab_services	0001_initial	2023-09-10 15:35:11.111693+00
2	contenttypes	0001_initial	2023-09-10 15:35:11.123884+00
3	contenttypes	0002_remove_content_type_name	2023-09-10 15:35:11.132418+00
4	auth	0001_initial	2023-09-10 15:35:11.172143+00
5	auth	0002_alter_permission_name_max_length	2023-09-10 15:35:11.177298+00
6	auth	0003_alter_user_email_max_length	2023-09-10 15:35:11.182924+00
7	auth	0004_alter_user_username_opts	2023-09-10 15:35:11.189005+00
8	auth	0005_alter_user_last_login_null	2023-09-10 15:35:11.195191+00
9	auth	0006_require_contenttypes_0002	2023-09-10 15:35:11.197808+00
10	auth	0007_alter_validators_add_error_messages	2023-09-10 15:35:11.204775+00
11	auth	0008_alter_user_username_max_length	2023-09-10 15:35:11.211926+00
12	auth	0009_alter_user_last_name_max_length	2023-09-10 15:35:11.218709+00
13	auth	0010_alter_group_name_max_length	2023-09-10 15:35:11.226279+00
14	auth	0011_update_proxy_permissions	2023-09-10 15:35:11.236332+00
15	auth	0012_alter_user_first_name_max_length	2023-09-10 15:35:11.242414+00
16	user_servcies	0001_initial	2023-09-10 15:35:11.355603+00
17	admin	0001_initial	2023-09-10 15:35:11.379703+00
18	admin	0002_logentry_remove_auto_add	2023-09-10 15:35:11.394049+00
19	admin	0003_logentry_add_action_flag_choices	2023-09-10 15:35:11.405088+00
20	user_servcies	0002_remove_admin_userid_subadmin_and_more	2023-09-10 15:35:11.495293+00
21	cab_services	0002_initial	2023-09-10 15:35:11.58587+00
22	cab_services	0003_alter_batch_admincode_alter_cab_admincode_and_more	2023-09-10 15:35:11.672903+00
23	sessions	0001_initial	2023-09-10 15:35:11.691753+00
24	user_servcies	0003_delete_admin	2023-09-10 15:35:11.696184+00
25	user_servcies	0004_alter_subadmin_id	2023-09-10 15:35:11.708633+00
26	user_servcies	0005_alter_subadmin_id	2023-09-10 15:35:11.80497+00
27	user_servcies	0006_alter_subadmin_id	2023-09-10 15:35:11.817273+00
28	user_servcies	0007_alter_subadmin_id	2023-09-10 15:35:11.829903+00
\.


--
-- Data for Name: django_session; Type: TABLE DATA; Schema: public; Owner: postgres
--

COPY public.django_session (session_key, session_data, expire_date) FROM stdin;
4uemrbfh8aq16yaasp1xnfxdrcv44zbx	.eJxVjEsOwiAUAO_C2hAolI9L9z0DefAeUjWQlHZlvLsh6UK3M5N5swDHXsLRaQsrsiuT7PLLIqQn1SHwAfXeeGp139bIR8JP2_nSkF63s_0bFOhlbDVo1BmUmZMTUtislJUmo0LnUVI2U9QkfHJuNh4mktZHSk6joSiTYJ8v1nU32g:1qfgTS:wKJcQexkIeVkhD5ChpDaRMblKQ_zDmzy4_grnV2tg2M	2023-09-25 12:57:06.04946+00
t8ju48ki13v9s4rt6ad6acp0l02w2ley	.eJxVjEsOwiAUAO_C2hAolI9L9z0DefAeUjWQlHZlvLsh6UK3M5N5swDHXsLRaQsrsiuT7PLLIqQn1SHwAfXeeGp139bIR8JP2_nSkF63s_0bFOhlbDVo1BmUmZMTUtislJUmo0LnUVI2U9QkfHJuNh4mktZHSk6joSiTYJ8v1nU32g:1qfhtV:z_zA2KUUMK0-nKpQarsALFzx9O3GBXsF1UJDWaG0q64	2023-09-25 14:28:05.37914+00
up2dtcodh4oo76nmjukosrxqhs1lb6eu	.eJxVjEsOwiAUAO_C2hAolI9L9z0DefAeUjWQlHZlvLsh6UK3M5N5swDHXsLRaQsrsiuT7PLLIqQn1SHwAfXeeGp139bIR8JP2_nSkF63s_0bFOhlbDVo1BmUmZMTUtislJUmo0LnUVI2U9QkfHJuNh4mktZHSk6joSiTYJ8v1nU32g:1qg0Nl:8JNsD9QO33PUrzeRvxSOrWHrAYz7cRBtPg5aA5Q2wsE	2023-09-26 10:12:33.596177+00
6t869ncyqwitqwrvgmwgszznbekxnmfj	.eJxVjEsOwiAUAO_C2hAolI9L9z0DefAeUjWQlHZlvLsh6UK3M5N5swDHXsLRaQsrsiuT7PLLIqQn1SHwAfXeeGp139bIR8JP2_nSkF63s_0bFOhlbDVo1BmUmZMTUtislJUmo0LnUVI2U9QkfHJuNh4mktZHSk6joSiTYJ8v1nU32g:1qgR2f:EboDFTncwnXgZlwEseJb8-AZSgxpJ6jNhQm_DTvGKMo	2023-09-27 14:40:33.077544+00
\.


--
-- Data for Name: user_servcies_commuter; Type: TABLE DATA; Schema: public; Owner: postgres
--

COPY public.user_servcies_commuter (id, "collegeName", "isComing", address, "adminCode_id", "batchId_id", "cabId_id", "popId_id", "userId_id") FROM stdin;
1	\N	t	address	41fb	\N	\N	\N	6
2	\N	t	address	41fb	\N	\N	\N	7
3	\N	t	address	41fb	\N	\N	\N	8
4	\N	t	address	41fb	\N	\N	\N	9
5	\N	t	address	41fb	\N	\N	\N	10
6	\N	t	address	41fb	\N	\N	\N	11
7	\N	t	address	41fb	\N	\N	\N	12
8	\N	t	address	41fb	\N	\N	\N	13
9	\N	t	address	41fb	\N	\N	\N	14
10	\N	t	address	41fb	\N	\N	\N	15
11	\N	t	address	41fb	\N	\N	\N	16
12	\N	t	address	41fb	\N	\N	\N	17
13	\N	t	address	41fb	\N	\N	\N	18
14	\N	t	address	41fb	\N	\N	\N	19
15	\N	t	address	41fb	\N	\N	\N	20
16	\N	t	address	41fb	\N	\N	\N	21
17	\N	t	address	41fb	\N	\N	\N	22
18	\N	t	address	41fb	\N	\N	\N	23
19	\N	t	address	41fb	\N	\N	\N	24
20	\N	t	address	41fb	\N	\N	\N	25
21	\N	t	address	41fb	\N	\N	\N	26
22	\N	t	address	41fb	\N	\N	\N	27
23	\N	t	address	41fb	\N	\N	\N	28
24	\N	t	address	41fb	\N	\N	\N	29
\.


--
-- Data for Name: user_servcies_driver; Type: TABLE DATA; Schema: public; Owner: postgres
--

COPY public.user_servcies_driver (id, address, "adminCode_id", "batchId_id", "cabId_id", "userId_id") FROM stdin;
1	address	41fb	1	1	2
2	address	41fb	3	2	3
3	address	41fb	4	3	4
4	address	41fb	2	4	5
5	address	41fb	5	3	30
6	address	41fb	5	3	31
7	address	41fb	5	3	32
8	address	41fb	5	3	33
9	address	41fb	5	3	34
\.


--
-- Data for Name: user_servcies_subadmin; Type: TABLE DATA; Schema: public; Owner: postgres
--

COPY public.user_servcies_subadmin (address, id, "userId_id") FROM stdin;
\N	41fb	1
\.


--
-- Data for Name: user_servcies_user; Type: TABLE DATA; Schema: public; Owner: postgres
--

COPY public.user_servcies_user (id, password, last_login, is_superuser, first_name, last_name, email, is_staff, is_active, date_joined, "userType", username, "mobileNumber") FROM stdin;
2	pbkdf2_sha256$600000$SyAFME2MtjlCq6MHg4cVfh$D2W5sF0NyLvpi5QNx2eqyR3OwVr9dM9ki/2PjjAmeSk=	\N	f	yakub	chacha		f	t	2023-09-12 11:19:46.852912+00	DRIVER	yakub chacha	1471471471
3	pbkdf2_sha256$600000$RRkKZtb5OUU3XMXuB6us5j$HxKAhxbosXu9SYdcFSOSdDrXABiO8T2HvjJheTiS+Pc=	\N	f	Mahendra	bhai		f	t	2023-09-12 11:20:16.582747+00	DRIVER	Mahendra bhai	2582582582
4	pbkdf2_sha256$600000$xvnSqlogihbwr2oFc7373B$DAGgKrGAskc/JbdVYlSIB1ZdrgyqGTmoDtPBbSz1XVM=	\N	f	Daivat	Bhai		f	t	2023-09-12 11:20:49.913291+00	DRIVER	Daivat Bhai	3693693693
5	pbkdf2_sha256$600000$8VFv2i5EQTOc3JuU53dl1p$j0VR6VrTpAKd0HaEd3oL8unG8Nm6iC89YExGJo/gPRc=	\N	f	Ali	bhai		f	t	2023-09-12 11:21:12.402048+00	DRIVER	Ali bhai	1231231231
6	pbkdf2_sha256$600000$6YommsfkFkFMFF9MwJqOsf$C+duEtBLAnszPcukajM75lxLeexHvayuW/LVAygoyhg=	\N	f	Shivam	bhakta		f	t	2023-09-12 11:23:03.699288+00	COMMUTER	Shivam bhakta	9898927941
7	pbkdf2_sha256$600000$2ParpR8wMQiOR3NjB8YSIQ$KKrRYPs0WPvkH1N3YBDe81BR8zCW/ZbeK3S54nFRgLI=	\N	f	Rahul	Sharma		f	t	2023-09-12 11:23:34.489327+00	COMMUTER	Rahul Sharma	9898927942
8	pbkdf2_sha256$600000$ANWQQuMSdlQtpaNQhbBAQS$lKv/Uqf30UOCJDad+lh06foSTVgWgf+/ok5h4xnYTTY=	\N	f	om	Patel		f	t	2023-09-12 11:24:05.236692+00	COMMUTER	om Patel	9898927943
9	pbkdf2_sha256$600000$DiWENUaU1Nr7lwfAQoecU3$kE7LirO/r7/KTMlh75CXjkKyfEBbkessPblVKGXE+s8=	\N	f	UDAY	MISTRY		f	t	2023-09-12 11:24:30.477441+00	COMMUTER	UDAY MISTRY	9898927944
10	pbkdf2_sha256$600000$7OOg1HTRyFcGVr4WNTH8PH$dTGd2uAH3tP8bJXCgOHHUAIZGyloeKls5CpP+kN7Oxc=	\N	f	MIHIR	PATEL		f	t	2023-09-12 12:16:58.991552+00	COMMUTER	MIHIR PATEL	9898927945
11	pbkdf2_sha256$600000$bHtBObudI4Op5w9eQixCQh$UqEYyvZ6Ahg0btjsV6dfkJA6UhE+M0lKbRBc2eCufvY=	\N	f	NIDHI	SHARMA		f	t	2023-09-12 12:38:16.681237+00	COMMUTER	NIDHI SHARMA	9898927946
12	pbkdf2_sha256$600000$TB11vMkJ75VfjUVQKOIGny$hcr/vkr4oPxy9sk+OZNYrA4omdOrnVkyrhW1I2Eq0bU=	\N	f	HONEY	SOLANKI		f	t	2023-09-12 12:38:42.821771+00	COMMUTER	HONEY SOLANKI	9898927947
13	pbkdf2_sha256$600000$ZUJr1TUqTNndknISknnWr9$M2fm8VFyvEhPzqJI4z1ktZIl6WHhaS0wQt7o/DYuUYo=	\N	f	ZEEL	PATEL		f	t	2023-09-12 12:39:15.33324+00	COMMUTER	ZEEL PATEL	9898927948
14	pbkdf2_sha256$600000$BgNmkQpBemMWui6ZR16Rlu$wp+Hoypg2grCB8RNEmXtA9ayrnTrN/sBRwEccSlaI4U=	\N	f	DHRUVESH			f	t	2023-09-12 12:39:40.309914+00	COMMUTER	DHRUVESH	9898927949
15	pbkdf2_sha256$600000$1zP4R00rQBBjk3GOKEJooe$8+NElYk4GgG+EeihN+dO10qh9oXU8FfoDIsp06MD7eM=	\N	f	DAIVAT	JADAV		f	t	2023-09-12 12:40:06.386259+00	COMMUTER	DAIVAT JADAV	9898927950
16	pbkdf2_sha256$600000$5WBjifxI1W3G91oRUZpCTB$/nxS5DpnUyrPRNonAXJukP0AK5jdOHWXecCta3Q7H54=	\N	f	JENICE			f	t	2023-09-12 12:40:24.683584+00	COMMUTER	JENICE	9898927951
17	pbkdf2_sha256$600000$IsBSdct5yuxaIBrWnWBl1m$oG1GoWS68Etpkqt0AMf+ZctrGzdnbPlzpmv85Eq9hXw=	\N	f	HARDIK			f	t	2023-09-12 14:05:08.482611+00	COMMUTER	HARDIK	9898927952
18	pbkdf2_sha256$600000$tE5JIVxNnRm5MQTI0l5kSE$VsNSruPKixHKLE1picRfXNYi8PkQkUi07cypaFDhCfk=	\N	f	MEHFUZ			f	t	2023-09-12 14:05:57.517547+00	COMMUTER	MEHFUZ	9898927953
19	pbkdf2_sha256$600000$ALl62UJUtxRxcn4ys1KJXa$cpPTbAIOrY8V/CwI5aNJ1WTF605JPGvv+adAXYHvJUo=	\N	f	FAIZ			f	t	2023-09-12 14:06:21.554327+00	COMMUTER	FAIZ	9898927954
20	pbkdf2_sha256$600000$KjMyHGIThRKVfYyceCmTDv$yLBhDXLWHUwWAKzKXz5zIBciYDtzgYQFL5oTlGKA+zQ=	\N	f	VANSHAM	SONI		f	t	2023-09-12 14:07:42.167721+00	COMMUTER	VANSHAM SONI	9898927955
21	pbkdf2_sha256$600000$FoOhNV8e6O6C81qUDU3zMr$f1kJ7PGHd83eXCbHBc8HIjzkBbHLKB7rrwJlFnHiKSs=	\N	f	ANSH			f	t	2023-09-12 14:08:08.73992+00	COMMUTER	ANSH	9898927956
22	pbkdf2_sha256$600000$NnAeKoxCn2hRTHYs9RK68L$vavdcDisvZXrVqZY+2lqwbH9LBsLeBNwejSSlWa+2/k=	\N	f	DARSHAN			f	t	2023-09-12 14:08:39.975725+00	COMMUTER	DARSHAN	9898927957
23	pbkdf2_sha256$600000$oW3R78Blbi9q0JgoHb8HDu$lnmjEd0zrm/qYhatVdoNGwUO/Db0ofjxDtpjYhOeoPg=	\N	f	IBRAHIM			f	t	2023-09-12 14:09:05.827399+00	COMMUTER	IBRAHIM	9898927958
24	pbkdf2_sha256$600000$RaCwd0SBsnmV33oKc2FMA2$Pa9aH3x+kGfPoVk7GxgO57FvduqbeFWTf+t2kgGzgZU=	\N	f	HUSSAIN			f	t	2023-09-12 14:09:39.780626+00	COMMUTER	HUSSAIN	9898927959
25	pbkdf2_sha256$600000$3UQYm2BMl9R1ny5HdJMeKB$UN+CIVJx4ThnHVZ3ScvXOOtxzc3PFuQPxJsONjFbaLs=	\N	f	ZAID			f	t	2023-09-12 14:10:02.396891+00	COMMUTER	ZAID	9898927960
26	pbkdf2_sha256$600000$Wm93yjgaAM9OMVya2k1Kbq$kuaA4mHLdxl6cNExUWVv8hElMgfqxj5rVy5y1oPW5+U=	\N	f	FAIZED			f	t	2023-09-12 14:10:26.333768+00	COMMUTER	FAIZED	9898927961
1	pbkdf2_sha256$600000$C3ZgMOcGGMqBqqDjm2hC9r$LhhXXydsyerrEt6+7GVdrR/VaXQTMJYs6jJcF4BT9+s=	2023-09-13 14:40:33.070398+00	f	Ali	Asgar		f	t	2023-09-11 12:56:03.64995+00	ADMIN	Ali Asgar	9898989898
27	pbkdf2_sha256$600000$0I7pxBzdTADfyPBIgJDu6z$9zqojXazIz5doNNhY1L3bYemHDfn2sRA0DAcKjAoVxg=	\N	f	SAURAV			f	t	2023-09-13 14:43:32.096475+00	COMMUTER	SAURAV	9898927975
28	pbkdf2_sha256$600000$mtjdtVpURh3YwwcwjtfscX$KErXYXOegVROEDGXuk5eqq4vu9pTR+jxBSgUi8IUNH8=	\N	f	DIVEYESH			f	t	2023-09-13 14:46:54.717382+00	COMMUTER	DIVEYESH	9898927976
29	pbkdf2_sha256$600000$yddHDcH5QSzpUlLZW30CuO$1cC9MzYlxMR9NNN1T3GjDpUkE8WgRJHJPZc9frJ5jaE=	\N	f	DARSH			f	t	2023-09-13 14:47:54.468839+00	COMMUTER	DARSH	9898927977
30	pbkdf2_sha256$600000$AB5YhzWNNr13hbdhD1ZxIo$Uj4dQCbn93ovOuord7ALn8OKb82KxpZioQJ57/W4Auo=	\N	f	Driver	bhai		f	t	2023-09-13 14:52:07.005703+00	DRIVER	Driver bhai	2587412580
31	pbkdf2_sha256$600000$RufPkSMBJAxRqJ8j4OwxTE$7Pv8BGADCQfJ3HsR3dF121aqZZTWUheSIQH2HnOF4h0=	\N	f	Driver2	bhai		f	t	2023-09-13 15:03:52.889154+00	DRIVER	Driver2 bhai	2587412581
32	pbkdf2_sha256$600000$nE3JQ6ZXahVSFefroDgNNW$tzo/uSiAtrRr6yzebrCQFk+Sckd1ZzBFOS09/fFsq+E=	\N	f	Driver3	bhai		f	t	2023-09-13 15:05:37.559513+00	DRIVER	Driver3 bhai	2587412582
33	pbkdf2_sha256$600000$HDsMrSaMhcFJNePZJpudmC$rbbbwfg03xdyhFW0OegW5pMGCGq7YAb+5ZEh7/RnZRE=	\N	f	Driver5	bhai		f	t	2023-09-13 15:12:17.732973+00	DRIVER	Driver5 bhai	2587412583
34	pbkdf2_sha256$600000$0DsR0On27Cx1m3I1wush1K$QToHZLEeq6tdF6PNbn5S4tWOgOXimqAphLi7SFYHL6s=	\N	f	Driver6	bhai		f	t	2023-09-13 15:18:00.094504+00	DRIVER	Driver6 bhai	2587412584
\.


--
-- Data for Name: user_servcies_user_groups; Type: TABLE DATA; Schema: public; Owner: postgres
--

COPY public.user_servcies_user_groups (id, user_id, group_id) FROM stdin;
\.


--
-- Data for Name: user_servcies_user_user_permissions; Type: TABLE DATA; Schema: public; Owner: postgres
--

COPY public.user_servcies_user_user_permissions (id, user_id, permission_id) FROM stdin;
\.


--
-- Name: auth_group_id_seq; Type: SEQUENCE SET; Schema: public; Owner: postgres
--

SELECT pg_catalog.setval('public.auth_group_id_seq', 1, false);


--
-- Name: auth_group_permissions_id_seq; Type: SEQUENCE SET; Schema: public; Owner: postgres
--

SELECT pg_catalog.setval('public.auth_group_permissions_id_seq', 1, false);


--
-- Name: auth_permission_id_seq; Type: SEQUENCE SET; Schema: public; Owner: postgres
--

SELECT pg_catalog.setval('public.auth_permission_id_seq', 52, true);


--
-- Name: cab_services_batch_id_seq; Type: SEQUENCE SET; Schema: public; Owner: postgres
--

SELECT pg_catalog.setval('public.cab_services_batch_id_seq', 5, true);


--
-- Name: cab_services_cab_id_seq; Type: SEQUENCE SET; Schema: public; Owner: postgres
--

SELECT pg_catalog.setval('public.cab_services_cab_id_seq', 4, true);


--
-- Name: cab_services_pickuppoints_id_seq; Type: SEQUENCE SET; Schema: public; Owner: postgres
--

SELECT pg_catalog.setval('public.cab_services_pickuppoints_id_seq', 23, true);


--
-- Name: cab_services_routes_id_seq; Type: SEQUENCE SET; Schema: public; Owner: postgres
--

SELECT pg_catalog.setval('public.cab_services_routes_id_seq', 3, true);


--
-- Name: django_admin_log_id_seq; Type: SEQUENCE SET; Schema: public; Owner: postgres
--

SELECT pg_catalog.setval('public.django_admin_log_id_seq', 1, false);


--
-- Name: django_content_type_id_seq; Type: SEQUENCE SET; Schema: public; Owner: postgres
--

SELECT pg_catalog.setval('public.django_content_type_id_seq', 13, true);


--
-- Name: django_migrations_id_seq; Type: SEQUENCE SET; Schema: public; Owner: postgres
--

SELECT pg_catalog.setval('public.django_migrations_id_seq', 28, true);


--
-- Name: user_servcies_commuter_id_seq; Type: SEQUENCE SET; Schema: public; Owner: postgres
--

SELECT pg_catalog.setval('public.user_servcies_commuter_id_seq', 24, true);


--
-- Name: user_servcies_driver_id_seq; Type: SEQUENCE SET; Schema: public; Owner: postgres
--

SELECT pg_catalog.setval('public.user_servcies_driver_id_seq', 9, true);


--
-- Name: user_servcies_user_groups_id_seq; Type: SEQUENCE SET; Schema: public; Owner: postgres
--

SELECT pg_catalog.setval('public.user_servcies_user_groups_id_seq', 1, false);


--
-- Name: user_servcies_user_id_seq; Type: SEQUENCE SET; Schema: public; Owner: postgres
--

SELECT pg_catalog.setval('public.user_servcies_user_id_seq', 34, true);


--
-- Name: user_servcies_user_user_permissions_id_seq; Type: SEQUENCE SET; Schema: public; Owner: postgres
--

SELECT pg_catalog.setval('public.user_servcies_user_user_permissions_id_seq', 1, false);


--
-- Name: auth_group auth_group_name_key; Type: CONSTRAINT; Schema: public; Owner: postgres
--

ALTER TABLE ONLY public.auth_group
    ADD CONSTRAINT auth_group_name_key UNIQUE (name);


--
-- Name: auth_group_permissions auth_group_permissions_group_id_permission_id_0cd325b0_uniq; Type: CONSTRAINT; Schema: public; Owner: postgres
--

ALTER TABLE ONLY public.auth_group_permissions
    ADD CONSTRAINT auth_group_permissions_group_id_permission_id_0cd325b0_uniq UNIQUE (group_id, permission_id);


--
-- Name: auth_group_permissions auth_group_permissions_pkey; Type: CONSTRAINT; Schema: public; Owner: postgres
--

ALTER TABLE ONLY public.auth_group_permissions
    ADD CONSTRAINT auth_group_permissions_pkey PRIMARY KEY (id);


--
-- Name: auth_group auth_group_pkey; Type: CONSTRAINT; Schema: public; Owner: postgres
--

ALTER TABLE ONLY public.auth_group
    ADD CONSTRAINT auth_group_pkey PRIMARY KEY (id);


--
-- Name: auth_permission auth_permission_content_type_id_codename_01ab375a_uniq; Type: CONSTRAINT; Schema: public; Owner: postgres
--

ALTER TABLE ONLY public.auth_permission
    ADD CONSTRAINT auth_permission_content_type_id_codename_01ab375a_uniq UNIQUE (content_type_id, codename);


--
-- Name: auth_permission auth_permission_pkey; Type: CONSTRAINT; Schema: public; Owner: postgres
--

ALTER TABLE ONLY public.auth_permission
    ADD CONSTRAINT auth_permission_pkey PRIMARY KEY (id);


--
-- Name: cab_services_batch cab_services_batch_pkey; Type: CONSTRAINT; Schema: public; Owner: postgres
--

ALTER TABLE ONLY public.cab_services_batch
    ADD CONSTRAINT cab_services_batch_pkey PRIMARY KEY (id);


--
-- Name: cab_services_cab cab_services_cab_pkey; Type: CONSTRAINT; Schema: public; Owner: postgres
--

ALTER TABLE ONLY public.cab_services_cab
    ADD CONSTRAINT cab_services_cab_pkey PRIMARY KEY (id);


--
-- Name: cab_services_pickuppoints cab_services_pickuppoints_pkey; Type: CONSTRAINT; Schema: public; Owner: postgres
--

ALTER TABLE ONLY public.cab_services_pickuppoints
    ADD CONSTRAINT cab_services_pickuppoints_pkey PRIMARY KEY (id);


--
-- Name: cab_services_routes cab_services_routes_pkey; Type: CONSTRAINT; Schema: public; Owner: postgres
--

ALTER TABLE ONLY public.cab_services_routes
    ADD CONSTRAINT cab_services_routes_pkey PRIMARY KEY (id);


--
-- Name: django_admin_log django_admin_log_pkey; Type: CONSTRAINT; Schema: public; Owner: postgres
--

ALTER TABLE ONLY public.django_admin_log
    ADD CONSTRAINT django_admin_log_pkey PRIMARY KEY (id);


--
-- Name: django_content_type django_content_type_app_label_model_76bd3d3b_uniq; Type: CONSTRAINT; Schema: public; Owner: postgres
--

ALTER TABLE ONLY public.django_content_type
    ADD CONSTRAINT django_content_type_app_label_model_76bd3d3b_uniq UNIQUE (app_label, model);


--
-- Name: django_content_type django_content_type_pkey; Type: CONSTRAINT; Schema: public; Owner: postgres
--

ALTER TABLE ONLY public.django_content_type
    ADD CONSTRAINT django_content_type_pkey PRIMARY KEY (id);


--
-- Name: django_migrations django_migrations_pkey; Type: CONSTRAINT; Schema: public; Owner: postgres
--

ALTER TABLE ONLY public.django_migrations
    ADD CONSTRAINT django_migrations_pkey PRIMARY KEY (id);


--
-- Name: django_session django_session_pkey; Type: CONSTRAINT; Schema: public; Owner: postgres
--

ALTER TABLE ONLY public.django_session
    ADD CONSTRAINT django_session_pkey PRIMARY KEY (session_key);


--
-- Name: user_servcies_commuter user_servcies_commuter_pkey; Type: CONSTRAINT; Schema: public; Owner: postgres
--

ALTER TABLE ONLY public.user_servcies_commuter
    ADD CONSTRAINT user_servcies_commuter_pkey PRIMARY KEY (id);


--
-- Name: user_servcies_driver user_servcies_driver_pkey; Type: CONSTRAINT; Schema: public; Owner: postgres
--

ALTER TABLE ONLY public.user_servcies_driver
    ADD CONSTRAINT user_servcies_driver_pkey PRIMARY KEY (id);


--
-- Name: user_servcies_subadmin user_servcies_subadmin_pkey; Type: CONSTRAINT; Schema: public; Owner: postgres
--

ALTER TABLE ONLY public.user_servcies_subadmin
    ADD CONSTRAINT user_servcies_subadmin_pkey PRIMARY KEY (id);


--
-- Name: user_servcies_user_groups user_servcies_user_groups_pkey; Type: CONSTRAINT; Schema: public; Owner: postgres
--

ALTER TABLE ONLY public.user_servcies_user_groups
    ADD CONSTRAINT user_servcies_user_groups_pkey PRIMARY KEY (id);


--
-- Name: user_servcies_user_groups user_servcies_user_groups_user_id_group_id_a6262557_uniq; Type: CONSTRAINT; Schema: public; Owner: postgres
--

ALTER TABLE ONLY public.user_servcies_user_groups
    ADD CONSTRAINT user_servcies_user_groups_user_id_group_id_a6262557_uniq UNIQUE (user_id, group_id);


--
-- Name: user_servcies_user user_servcies_user_mobileNumber_key; Type: CONSTRAINT; Schema: public; Owner: postgres
--

ALTER TABLE ONLY public.user_servcies_user
    ADD CONSTRAINT "user_servcies_user_mobileNumber_key" UNIQUE ("mobileNumber");


--
-- Name: user_servcies_user user_servcies_user_pkey; Type: CONSTRAINT; Schema: public; Owner: postgres
--

ALTER TABLE ONLY public.user_servcies_user
    ADD CONSTRAINT user_servcies_user_pkey PRIMARY KEY (id);


--
-- Name: user_servcies_user_user_permissions user_servcies_user_user__user_id_permission_id_831f432b_uniq; Type: CONSTRAINT; Schema: public; Owner: postgres
--

ALTER TABLE ONLY public.user_servcies_user_user_permissions
    ADD CONSTRAINT user_servcies_user_user__user_id_permission_id_831f432b_uniq UNIQUE (user_id, permission_id);


--
-- Name: user_servcies_user_user_permissions user_servcies_user_user_permissions_pkey; Type: CONSTRAINT; Schema: public; Owner: postgres
--

ALTER TABLE ONLY public.user_servcies_user_user_permissions
    ADD CONSTRAINT user_servcies_user_user_permissions_pkey PRIMARY KEY (id);


--
-- Name: auth_group_name_a6ea08ec_like; Type: INDEX; Schema: public; Owner: postgres
--

CREATE INDEX auth_group_name_a6ea08ec_like ON public.auth_group USING btree (name varchar_pattern_ops);


--
-- Name: auth_group_permissions_group_id_b120cbf9; Type: INDEX; Schema: public; Owner: postgres
--

CREATE INDEX auth_group_permissions_group_id_b120cbf9 ON public.auth_group_permissions USING btree (group_id);


--
-- Name: auth_group_permissions_permission_id_84c5c92e; Type: INDEX; Schema: public; Owner: postgres
--

CREATE INDEX auth_group_permissions_permission_id_84c5c92e ON public.auth_group_permissions USING btree (permission_id);


--
-- Name: auth_permission_content_type_id_2f476e4b; Type: INDEX; Schema: public; Owner: postgres
--

CREATE INDEX auth_permission_content_type_id_2f476e4b ON public.auth_permission USING btree (content_type_id);


--
-- Name: cab_services_batch_adminCode_id_cc3fb9c0; Type: INDEX; Schema: public; Owner: postgres
--

CREATE INDEX "cab_services_batch_adminCode_id_cc3fb9c0" ON public.cab_services_batch USING btree ("adminCode_id");


--
-- Name: cab_services_cab_adminCode_id_09ada221; Type: INDEX; Schema: public; Owner: postgres
--

CREATE INDEX "cab_services_cab_adminCode_id_09ada221" ON public.cab_services_cab USING btree ("adminCode_id");


--
-- Name: cab_services_cab_routeId_id_807d06d6; Type: INDEX; Schema: public; Owner: postgres
--

CREATE INDEX "cab_services_cab_routeId_id_807d06d6" ON public.cab_services_cab USING btree ("routeId_id");


--
-- Name: cab_services_pickuppoints_adminCode_id_c0c9672c; Type: INDEX; Schema: public; Owner: postgres
--

CREATE INDEX "cab_services_pickuppoints_adminCode_id_c0c9672c" ON public.cab_services_pickuppoints USING btree ("adminCode_id");


--
-- Name: cab_services_pickuppoints_routeId_id_4c0ac503; Type: INDEX; Schema: public; Owner: postgres
--

CREATE INDEX "cab_services_pickuppoints_routeId_id_4c0ac503" ON public.cab_services_pickuppoints USING btree ("routeId_id");


--
-- Name: cab_services_routes_adminCode_id_76ec6683; Type: INDEX; Schema: public; Owner: postgres
--

CREATE INDEX "cab_services_routes_adminCode_id_76ec6683" ON public.cab_services_routes USING btree ("adminCode_id");


--
-- Name: django_admin_log_content_type_id_c4bce8eb; Type: INDEX; Schema: public; Owner: postgres
--

CREATE INDEX django_admin_log_content_type_id_c4bce8eb ON public.django_admin_log USING btree (content_type_id);


--
-- Name: django_admin_log_user_id_c564eba6; Type: INDEX; Schema: public; Owner: postgres
--

CREATE INDEX django_admin_log_user_id_c564eba6 ON public.django_admin_log USING btree (user_id);


--
-- Name: django_session_expire_date_a5c62663; Type: INDEX; Schema: public; Owner: postgres
--

CREATE INDEX django_session_expire_date_a5c62663 ON public.django_session USING btree (expire_date);


--
-- Name: django_session_session_key_c0390e0f_like; Type: INDEX; Schema: public; Owner: postgres
--

CREATE INDEX django_session_session_key_c0390e0f_like ON public.django_session USING btree (session_key varchar_pattern_ops);


--
-- Name: user_servcies_commuter_adminCode_id_b580c7d1; Type: INDEX; Schema: public; Owner: postgres
--

CREATE INDEX "user_servcies_commuter_adminCode_id_b580c7d1" ON public.user_servcies_commuter USING btree ("adminCode_id");


--
-- Name: user_servcies_commuter_batchId_id_eff65f8a; Type: INDEX; Schema: public; Owner: postgres
--

CREATE INDEX "user_servcies_commuter_batchId_id_eff65f8a" ON public.user_servcies_commuter USING btree ("batchId_id");


--
-- Name: user_servcies_commuter_cabId_id_9243465d; Type: INDEX; Schema: public; Owner: postgres
--

CREATE INDEX "user_servcies_commuter_cabId_id_9243465d" ON public.user_servcies_commuter USING btree ("cabId_id");


--
-- Name: user_servcies_commuter_popId_id_0dcd4ad3; Type: INDEX; Schema: public; Owner: postgres
--

CREATE INDEX "user_servcies_commuter_popId_id_0dcd4ad3" ON public.user_servcies_commuter USING btree ("popId_id");


--
-- Name: user_servcies_commuter_userId_id_0c8f150e; Type: INDEX; Schema: public; Owner: postgres
--

CREATE INDEX "user_servcies_commuter_userId_id_0c8f150e" ON public.user_servcies_commuter USING btree ("userId_id");


--
-- Name: user_servcies_driver_adminCode_id_089eb09a; Type: INDEX; Schema: public; Owner: postgres
--

CREATE INDEX "user_servcies_driver_adminCode_id_089eb09a" ON public.user_servcies_driver USING btree ("adminCode_id");


--
-- Name: user_servcies_driver_batchId_id_d625ca84; Type: INDEX; Schema: public; Owner: postgres
--

CREATE INDEX "user_servcies_driver_batchId_id_d625ca84" ON public.user_servcies_driver USING btree ("batchId_id");


--
-- Name: user_servcies_driver_cabId_id_40d6b2d6; Type: INDEX; Schema: public; Owner: postgres
--

CREATE INDEX "user_servcies_driver_cabId_id_40d6b2d6" ON public.user_servcies_driver USING btree ("cabId_id");


--
-- Name: user_servcies_driver_userId_id_12f9684c; Type: INDEX; Schema: public; Owner: postgres
--

CREATE INDEX "user_servcies_driver_userId_id_12f9684c" ON public.user_servcies_driver USING btree ("userId_id");


--
-- Name: user_servcies_subadmin_userId_id_9f42f95b; Type: INDEX; Schema: public; Owner: postgres
--

CREATE INDEX "user_servcies_subadmin_userId_id_9f42f95b" ON public.user_servcies_subadmin USING btree ("userId_id");


--
-- Name: user_servcies_user_groups_group_id_e6cce362; Type: INDEX; Schema: public; Owner: postgres
--

CREATE INDEX user_servcies_user_groups_group_id_e6cce362 ON public.user_servcies_user_groups USING btree (group_id);


--
-- Name: user_servcies_user_groups_user_id_5d86dc03; Type: INDEX; Schema: public; Owner: postgres
--

CREATE INDEX user_servcies_user_groups_user_id_5d86dc03 ON public.user_servcies_user_groups USING btree (user_id);


--
-- Name: user_servcies_user_mobileNumber_44189ad6_like; Type: INDEX; Schema: public; Owner: postgres
--

CREATE INDEX "user_servcies_user_mobileNumber_44189ad6_like" ON public.user_servcies_user USING btree ("mobileNumber" varchar_pattern_ops);


--
-- Name: user_servcies_user_user_permissions_permission_id_06360f97; Type: INDEX; Schema: public; Owner: postgres
--

CREATE INDEX user_servcies_user_user_permissions_permission_id_06360f97 ON public.user_servcies_user_user_permissions USING btree (permission_id);


--
-- Name: user_servcies_user_user_permissions_user_id_3f7cdf8a; Type: INDEX; Schema: public; Owner: postgres
--

CREATE INDEX user_servcies_user_user_permissions_user_id_3f7cdf8a ON public.user_servcies_user_user_permissions USING btree (user_id);


--
-- Name: auth_group_permissions auth_group_permissio_permission_id_84c5c92e_fk_auth_perm; Type: FK CONSTRAINT; Schema: public; Owner: postgres
--

ALTER TABLE ONLY public.auth_group_permissions
    ADD CONSTRAINT auth_group_permissio_permission_id_84c5c92e_fk_auth_perm FOREIGN KEY (permission_id) REFERENCES public.auth_permission(id) DEFERRABLE INITIALLY DEFERRED;


--
-- Name: auth_group_permissions auth_group_permissions_group_id_b120cbf9_fk_auth_group_id; Type: FK CONSTRAINT; Schema: public; Owner: postgres
--

ALTER TABLE ONLY public.auth_group_permissions
    ADD CONSTRAINT auth_group_permissions_group_id_b120cbf9_fk_auth_group_id FOREIGN KEY (group_id) REFERENCES public.auth_group(id) DEFERRABLE INITIALLY DEFERRED;


--
-- Name: auth_permission auth_permission_content_type_id_2f476e4b_fk_django_co; Type: FK CONSTRAINT; Schema: public; Owner: postgres
--

ALTER TABLE ONLY public.auth_permission
    ADD CONSTRAINT auth_permission_content_type_id_2f476e4b_fk_django_co FOREIGN KEY (content_type_id) REFERENCES public.django_content_type(id) DEFERRABLE INITIALLY DEFERRED;


--
-- Name: cab_services_batch cab_services_batch_adminCode_id_cc3fb9c0_fk; Type: FK CONSTRAINT; Schema: public; Owner: postgres
--

ALTER TABLE ONLY public.cab_services_batch
    ADD CONSTRAINT "cab_services_batch_adminCode_id_cc3fb9c0_fk" FOREIGN KEY ("adminCode_id") REFERENCES public.user_servcies_subadmin(id) DEFERRABLE INITIALLY DEFERRED;


--
-- Name: cab_services_cab cab_services_cab_adminCode_id_09ada221_fk; Type: FK CONSTRAINT; Schema: public; Owner: postgres
--

ALTER TABLE ONLY public.cab_services_cab
    ADD CONSTRAINT "cab_services_cab_adminCode_id_09ada221_fk" FOREIGN KEY ("adminCode_id") REFERENCES public.user_servcies_subadmin(id) DEFERRABLE INITIALLY DEFERRED;


--
-- Name: cab_services_cab cab_services_cab_routeId_id_807d06d6_fk_cab_services_routes_id; Type: FK CONSTRAINT; Schema: public; Owner: postgres
--

ALTER TABLE ONLY public.cab_services_cab
    ADD CONSTRAINT "cab_services_cab_routeId_id_807d06d6_fk_cab_services_routes_id" FOREIGN KEY ("routeId_id") REFERENCES public.cab_services_routes(id) DEFERRABLE INITIALLY DEFERRED;


--
-- Name: cab_services_pickuppoints cab_services_pickupp_routeId_id_4c0ac503_fk_cab_servi; Type: FK CONSTRAINT; Schema: public; Owner: postgres
--

ALTER TABLE ONLY public.cab_services_pickuppoints
    ADD CONSTRAINT "cab_services_pickupp_routeId_id_4c0ac503_fk_cab_servi" FOREIGN KEY ("routeId_id") REFERENCES public.cab_services_routes(id) DEFERRABLE INITIALLY DEFERRED;


--
-- Name: cab_services_pickuppoints cab_services_pickuppoints_adminCode_id_c0c9672c_fk; Type: FK CONSTRAINT; Schema: public; Owner: postgres
--

ALTER TABLE ONLY public.cab_services_pickuppoints
    ADD CONSTRAINT "cab_services_pickuppoints_adminCode_id_c0c9672c_fk" FOREIGN KEY ("adminCode_id") REFERENCES public.user_servcies_subadmin(id) DEFERRABLE INITIALLY DEFERRED;


--
-- Name: cab_services_routes cab_services_routes_adminCode_id_76ec6683_fk; Type: FK CONSTRAINT; Schema: public; Owner: postgres
--

ALTER TABLE ONLY public.cab_services_routes
    ADD CONSTRAINT "cab_services_routes_adminCode_id_76ec6683_fk" FOREIGN KEY ("adminCode_id") REFERENCES public.user_servcies_subadmin(id) DEFERRABLE INITIALLY DEFERRED;


--
-- Name: django_admin_log django_admin_log_content_type_id_c4bce8eb_fk_django_co; Type: FK CONSTRAINT; Schema: public; Owner: postgres
--

ALTER TABLE ONLY public.django_admin_log
    ADD CONSTRAINT django_admin_log_content_type_id_c4bce8eb_fk_django_co FOREIGN KEY (content_type_id) REFERENCES public.django_content_type(id) DEFERRABLE INITIALLY DEFERRED;


--
-- Name: django_admin_log django_admin_log_user_id_c564eba6_fk_user_servcies_user_id; Type: FK CONSTRAINT; Schema: public; Owner: postgres
--

ALTER TABLE ONLY public.django_admin_log
    ADD CONSTRAINT django_admin_log_user_id_c564eba6_fk_user_servcies_user_id FOREIGN KEY (user_id) REFERENCES public.user_servcies_user(id) DEFERRABLE INITIALLY DEFERRED;


--
-- Name: user_servcies_commuter user_servcies_commut_batchId_id_eff65f8a_fk_cab_servi; Type: FK CONSTRAINT; Schema: public; Owner: postgres
--

ALTER TABLE ONLY public.user_servcies_commuter
    ADD CONSTRAINT "user_servcies_commut_batchId_id_eff65f8a_fk_cab_servi" FOREIGN KEY ("batchId_id") REFERENCES public.cab_services_batch(id) DEFERRABLE INITIALLY DEFERRED;


--
-- Name: user_servcies_commuter user_servcies_commut_popId_id_0dcd4ad3_fk_cab_servi; Type: FK CONSTRAINT; Schema: public; Owner: postgres
--

ALTER TABLE ONLY public.user_servcies_commuter
    ADD CONSTRAINT "user_servcies_commut_popId_id_0dcd4ad3_fk_cab_servi" FOREIGN KEY ("popId_id") REFERENCES public.cab_services_pickuppoints(id) DEFERRABLE INITIALLY DEFERRED;


--
-- Name: user_servcies_commuter user_servcies_commut_userId_id_0c8f150e_fk_user_serv; Type: FK CONSTRAINT; Schema: public; Owner: postgres
--

ALTER TABLE ONLY public.user_servcies_commuter
    ADD CONSTRAINT "user_servcies_commut_userId_id_0c8f150e_fk_user_serv" FOREIGN KEY ("userId_id") REFERENCES public.user_servcies_user(id) DEFERRABLE INITIALLY DEFERRED;


--
-- Name: user_servcies_commuter user_servcies_commuter_adminCode_id_b580c7d1_fk; Type: FK CONSTRAINT; Schema: public; Owner: postgres
--

ALTER TABLE ONLY public.user_servcies_commuter
    ADD CONSTRAINT "user_servcies_commuter_adminCode_id_b580c7d1_fk" FOREIGN KEY ("adminCode_id") REFERENCES public.user_servcies_subadmin(id) DEFERRABLE INITIALLY DEFERRED;


--
-- Name: user_servcies_commuter user_servcies_commuter_cabId_id_9243465d_fk_cab_services_cab_id; Type: FK CONSTRAINT; Schema: public; Owner: postgres
--

ALTER TABLE ONLY public.user_servcies_commuter
    ADD CONSTRAINT "user_servcies_commuter_cabId_id_9243465d_fk_cab_services_cab_id" FOREIGN KEY ("cabId_id") REFERENCES public.cab_services_cab(id) DEFERRABLE INITIALLY DEFERRED;


--
-- Name: user_servcies_driver user_servcies_driver_adminCode_id_089eb09a_fk; Type: FK CONSTRAINT; Schema: public; Owner: postgres
--

ALTER TABLE ONLY public.user_servcies_driver
    ADD CONSTRAINT "user_servcies_driver_adminCode_id_089eb09a_fk" FOREIGN KEY ("adminCode_id") REFERENCES public.user_servcies_subadmin(id) DEFERRABLE INITIALLY DEFERRED;


--
-- Name: user_servcies_driver user_servcies_driver_batchId_id_d625ca84_fk_cab_servi; Type: FK CONSTRAINT; Schema: public; Owner: postgres
--

ALTER TABLE ONLY public.user_servcies_driver
    ADD CONSTRAINT "user_servcies_driver_batchId_id_d625ca84_fk_cab_servi" FOREIGN KEY ("batchId_id") REFERENCES public.cab_services_batch(id) DEFERRABLE INITIALLY DEFERRED;


--
-- Name: user_servcies_driver user_servcies_driver_cabId_id_40d6b2d6_fk_cab_services_cab_id; Type: FK CONSTRAINT; Schema: public; Owner: postgres
--

ALTER TABLE ONLY public.user_servcies_driver
    ADD CONSTRAINT "user_servcies_driver_cabId_id_40d6b2d6_fk_cab_services_cab_id" FOREIGN KEY ("cabId_id") REFERENCES public.cab_services_cab(id) DEFERRABLE INITIALLY DEFERRED;


--
-- Name: user_servcies_driver user_servcies_driver_userId_id_12f9684c_fk_user_serv; Type: FK CONSTRAINT; Schema: public; Owner: postgres
--

ALTER TABLE ONLY public.user_servcies_driver
    ADD CONSTRAINT "user_servcies_driver_userId_id_12f9684c_fk_user_serv" FOREIGN KEY ("userId_id") REFERENCES public.user_servcies_user(id) DEFERRABLE INITIALLY DEFERRED;


--
-- Name: user_servcies_subadmin user_servcies_subadm_userId_id_9f42f95b_fk_user_serv; Type: FK CONSTRAINT; Schema: public; Owner: postgres
--

ALTER TABLE ONLY public.user_servcies_subadmin
    ADD CONSTRAINT "user_servcies_subadm_userId_id_9f42f95b_fk_user_serv" FOREIGN KEY ("userId_id") REFERENCES public.user_servcies_user(id) DEFERRABLE INITIALLY DEFERRED;


--
-- Name: user_servcies_user_groups user_servcies_user_g_user_id_5d86dc03_fk_user_serv; Type: FK CONSTRAINT; Schema: public; Owner: postgres
--

ALTER TABLE ONLY public.user_servcies_user_groups
    ADD CONSTRAINT user_servcies_user_g_user_id_5d86dc03_fk_user_serv FOREIGN KEY (user_id) REFERENCES public.user_servcies_user(id) DEFERRABLE INITIALLY DEFERRED;


--
-- Name: user_servcies_user_groups user_servcies_user_groups_group_id_e6cce362_fk_auth_group_id; Type: FK CONSTRAINT; Schema: public; Owner: postgres
--

ALTER TABLE ONLY public.user_servcies_user_groups
    ADD CONSTRAINT user_servcies_user_groups_group_id_e6cce362_fk_auth_group_id FOREIGN KEY (group_id) REFERENCES public.auth_group(id) DEFERRABLE INITIALLY DEFERRED;


--
-- Name: user_servcies_user_user_permissions user_servcies_user_u_permission_id_06360f97_fk_auth_perm; Type: FK CONSTRAINT; Schema: public; Owner: postgres
--

ALTER TABLE ONLY public.user_servcies_user_user_permissions
    ADD CONSTRAINT user_servcies_user_u_permission_id_06360f97_fk_auth_perm FOREIGN KEY (permission_id) REFERENCES public.auth_permission(id) DEFERRABLE INITIALLY DEFERRED;


--
-- Name: user_servcies_user_user_permissions user_servcies_user_u_user_id_3f7cdf8a_fk_user_serv; Type: FK CONSTRAINT; Schema: public; Owner: postgres
--

ALTER TABLE ONLY public.user_servcies_user_user_permissions
    ADD CONSTRAINT user_servcies_user_u_user_id_3f7cdf8a_fk_user_serv FOREIGN KEY (user_id) REFERENCES public.user_servcies_user(id) DEFERRABLE INITIALLY DEFERRED;


--
-- PostgreSQL database dump complete
--

