--
-- PostgreSQL database dump
--

-- Dumped from database version 16.4 (Debian 16.4-1.pgdg120+1)
-- Dumped by pg_dump version 16.4 (Debian 16.4-1.pgdg120+1)

SET statement_timeout = 0;
SET lock_timeout = 0;
SET idle_in_transaction_session_timeout = 0;
SET client_encoding = 'UTF8';
SET standard_conforming_strings = on;
SELECT pg_catalog.set_config('search_path', '', false);
SET check_function_bodies = false;
SET xmloption = content;
SET client_min_messages = warning;
SET row_security = off;

SET default_tablespace = '';

SET default_table_access_method = heap;

--
-- Name: auth_group; Type: TABLE; Schema: public; Owner: postgres
--

CREATE TABLE public.auth_group (
    id integer NOT NULL,
    name character varying(150) NOT NULL
);


ALTER TABLE public.auth_group OWNER TO postgres;

--
-- Name: auth_group_id_seq; Type: SEQUENCE; Schema: public; Owner: postgres
--

ALTER TABLE public.auth_group ALTER COLUMN id ADD GENERATED BY DEFAULT AS IDENTITY (
    SEQUENCE NAME public.auth_group_id_seq
    START WITH 1
    INCREMENT BY 1
    NO MINVALUE
    NO MAXVALUE
    CACHE 1
);


--
-- Name: auth_group_permissions; Type: TABLE; Schema: public; Owner: postgres
--

CREATE TABLE public.auth_group_permissions (
    id bigint NOT NULL,
    group_id integer NOT NULL,
    permission_id integer NOT NULL
);


ALTER TABLE public.auth_group_permissions OWNER TO postgres;

--
-- Name: auth_group_permissions_id_seq; Type: SEQUENCE; Schema: public; Owner: postgres
--

ALTER TABLE public.auth_group_permissions ALTER COLUMN id ADD GENERATED BY DEFAULT AS IDENTITY (
    SEQUENCE NAME public.auth_group_permissions_id_seq
    START WITH 1
    INCREMENT BY 1
    NO MINVALUE
    NO MAXVALUE
    CACHE 1
);


--
-- Name: auth_permission; Type: TABLE; Schema: public; Owner: postgres
--

CREATE TABLE public.auth_permission (
    id integer NOT NULL,
    name character varying(255) NOT NULL,
    content_type_id integer NOT NULL,
    codename character varying(100) NOT NULL
);


ALTER TABLE public.auth_permission OWNER TO postgres;

--
-- Name: auth_permission_id_seq; Type: SEQUENCE; Schema: public; Owner: postgres
--

ALTER TABLE public.auth_permission ALTER COLUMN id ADD GENERATED BY DEFAULT AS IDENTITY (
    SEQUENCE NAME public.auth_permission_id_seq
    START WITH 1
    INCREMENT BY 1
    NO MINVALUE
    NO MAXVALUE
    CACHE 1
);


--
-- Name: cab_services_batch; Type: TABLE; Schema: public; Owner: postgres
--

CREATE TABLE public.cab_services_batch (
    id bigint NOT NULL,
    "batchName" character varying(100) NOT NULL,
    "batchTime" time without time zone,
    "endDate" date,
    "startDate" date,
    "adminCode_id" uuid,
    end_time time without time zone
);


ALTER TABLE public.cab_services_batch OWNER TO postgres;

--
-- Name: cab_services_batch_id_seq; Type: SEQUENCE; Schema: public; Owner: postgres
--

ALTER TABLE public.cab_services_batch ALTER COLUMN id ADD GENERATED BY DEFAULT AS IDENTITY (
    SEQUENCE NAME public.cab_services_batch_id_seq
    START WITH 1
    INCREMENT BY 1
    NO MINVALUE
    NO MAXVALUE
    CACHE 1
);


--
-- Name: cab_services_cab; Type: TABLE; Schema: public; Owner: postgres
--

CREATE TABLE public.cab_services_cab (
    id bigint NOT NULL,
    "regNumber" character varying(100),
    capacity integer NOT NULL,
    km integer NOT NULL,
    "regDate" timestamp with time zone NOT NULL,
    thumbnail bytea,
    "adminCode_id" uuid,
    "routeId_id" bigint
);


ALTER TABLE public.cab_services_cab OWNER TO postgres;

--
-- Name: cab_services_cab_id_seq; Type: SEQUENCE; Schema: public; Owner: postgres
--

ALTER TABLE public.cab_services_cab ALTER COLUMN id ADD GENERATED BY DEFAULT AS IDENTITY (
    SEQUENCE NAME public.cab_services_cab_id_seq
    START WITH 1
    INCREMENT BY 1
    NO MINVALUE
    NO MAXVALUE
    CACHE 1
);


--
-- Name: cab_services_pickuppoints; Type: TABLE; Schema: public; Owner: postgres
--

CREATE TABLE public.cab_services_pickuppoints (
    id bigint NOT NULL,
    "pickUpPointName" character varying(100) NOT NULL,
    lat double precision NOT NULL,
    longitude double precision NOT NULL,
    "adminCode_id" uuid,
    "routeId_id" bigint NOT NULL,
    "inLine" integer
);


ALTER TABLE public.cab_services_pickuppoints OWNER TO postgres;

--
-- Name: cab_services_pickuppoints_id_seq; Type: SEQUENCE; Schema: public; Owner: postgres
--

ALTER TABLE public.cab_services_pickuppoints ALTER COLUMN id ADD GENERATED BY DEFAULT AS IDENTITY (
    SEQUENCE NAME public.cab_services_pickuppoints_id_seq
    START WITH 1
    INCREMENT BY 1
    NO MINVALUE
    NO MAXVALUE
    CACHE 1
);


--
-- Name: cab_services_routes; Type: TABLE; Schema: public; Owner: postgres
--

CREATE TABLE public.cab_services_routes (
    id bigint NOT NULL,
    "routeName" character varying(100) NOT NULL,
    "adminCode_id" uuid
);


ALTER TABLE public.cab_services_routes OWNER TO postgres;

--
-- Name: cab_services_routes_id_seq; Type: SEQUENCE; Schema: public; Owner: postgres
--

ALTER TABLE public.cab_services_routes ALTER COLUMN id ADD GENERATED BY DEFAULT AS IDENTITY (
    SEQUENCE NAME public.cab_services_routes_id_seq
    START WITH 1
    INCREMENT BY 1
    NO MINVALUE
    NO MAXVALUE
    CACHE 1
);


--
-- Name: d2d_log_dtodlog; Type: TABLE; Schema: public; Owner: postgres
--

CREATE TABLE public.d2d_log_dtodlog (
    id bigint NOT NULL,
    "CList" integer[] NOT NULL,
    "startTime" timestamp with time zone NOT NULL,
    "endTime" timestamp with time zone,
    "tripDate" date NOT NULL,
    "batchId_id" bigint,
    return_end_time time without time zone,
    return_start_time time without time zone,
    "isActive" boolean
);


ALTER TABLE public.d2d_log_dtodlog OWNER TO postgres;

--
-- Name: d2d_log_dtodlog_id_seq; Type: SEQUENCE; Schema: public; Owner: postgres
--

ALTER TABLE public.d2d_log_dtodlog ALTER COLUMN id ADD GENERATED BY DEFAULT AS IDENTITY (
    SEQUENCE NAME public.d2d_log_dtodlog_id_seq
    START WITH 1
    INCREMENT BY 1
    NO MINVALUE
    NO MAXVALUE
    CACHE 1
);


--
-- Name: django_admin_log; Type: TABLE; Schema: public; Owner: postgres
--

CREATE TABLE public.django_admin_log (
    id integer NOT NULL,
    action_time timestamp with time zone NOT NULL,
    object_id text,
    object_repr character varying(200) NOT NULL,
    action_flag smallint NOT NULL,
    change_message text NOT NULL,
    content_type_id integer,
    user_id bigint NOT NULL,
    CONSTRAINT django_admin_log_action_flag_check CHECK ((action_flag >= 0))
);


ALTER TABLE public.django_admin_log OWNER TO postgres;

--
-- Name: django_admin_log_id_seq; Type: SEQUENCE; Schema: public; Owner: postgres
--

ALTER TABLE public.django_admin_log ALTER COLUMN id ADD GENERATED BY DEFAULT AS IDENTITY (
    SEQUENCE NAME public.django_admin_log_id_seq
    START WITH 1
    INCREMENT BY 1
    NO MINVALUE
    NO MAXVALUE
    CACHE 1
);


--
-- Name: django_content_type; Type: TABLE; Schema: public; Owner: postgres
--

CREATE TABLE public.django_content_type (
    id integer NOT NULL,
    app_label character varying(100) NOT NULL,
    model character varying(100) NOT NULL
);


ALTER TABLE public.django_content_type OWNER TO postgres;

--
-- Name: django_content_type_id_seq; Type: SEQUENCE; Schema: public; Owner: postgres
--

ALTER TABLE public.django_content_type ALTER COLUMN id ADD GENERATED BY DEFAULT AS IDENTITY (
    SEQUENCE NAME public.django_content_type_id_seq
    START WITH 1
    INCREMENT BY 1
    NO MINVALUE
    NO MAXVALUE
    CACHE 1
);


--
-- Name: django_migrations; Type: TABLE; Schema: public; Owner: postgres
--

CREATE TABLE public.django_migrations (
    id bigint NOT NULL,
    app character varying(255) NOT NULL,
    name character varying(255) NOT NULL,
    applied timestamp with time zone NOT NULL
);


ALTER TABLE public.django_migrations OWNER TO postgres;

--
-- Name: django_migrations_id_seq; Type: SEQUENCE; Schema: public; Owner: postgres
--

ALTER TABLE public.django_migrations ALTER COLUMN id ADD GENERATED BY DEFAULT AS IDENTITY (
    SEQUENCE NAME public.django_migrations_id_seq
    START WITH 1
    INCREMENT BY 1
    NO MINVALUE
    NO MAXVALUE
    CACHE 1
);


--
-- Name: django_session; Type: TABLE; Schema: public; Owner: postgres
--

CREATE TABLE public.django_session (
    session_key character varying(40) NOT NULL,
    session_data text NOT NULL,
    expire_date timestamp with time zone NOT NULL
);


ALTER TABLE public.django_session OWNER TO postgres;

--
-- Name: user_servcies_commuter; Type: TABLE; Schema: public; Owner: postgres
--

CREATE TABLE public.user_servcies_commuter (
    id bigint NOT NULL,
    "collegeName" character varying(100),
    "isComing" boolean NOT NULL,
    "adminCode_id" uuid,
    "batchId_id" bigint,
    "cabId_id" bigint,
    "popId_id" bigint,
    "userId_id" bigint NOT NULL
);


ALTER TABLE public.user_servcies_commuter OWNER TO postgres;

--
-- Name: user_servcies_commuter_id_seq; Type: SEQUENCE; Schema: public; Owner: postgres
--

ALTER TABLE public.user_servcies_commuter ALTER COLUMN id ADD GENERATED BY DEFAULT AS IDENTITY (
    SEQUENCE NAME public.user_servcies_commuter_id_seq
    START WITH 1
    INCREMENT BY 1
    NO MINVALUE
    NO MAXVALUE
    CACHE 1
);


--
-- Name: user_servcies_driver; Type: TABLE; Schema: public; Owner: postgres
--

CREATE TABLE public.user_servcies_driver (
    id bigint NOT NULL,
    "adminCode_id" uuid,
    "batchId_id" bigint,
    "cabId_id" bigint,
    "userId_id" bigint NOT NULL
);


ALTER TABLE public.user_servcies_driver OWNER TO postgres;

--
-- Name: user_servcies_driver_id_seq; Type: SEQUENCE; Schema: public; Owner: postgres
--

ALTER TABLE public.user_servcies_driver ALTER COLUMN id ADD GENERATED BY DEFAULT AS IDENTITY (
    SEQUENCE NAME public.user_servcies_driver_id_seq
    START WITH 1
    INCREMENT BY 1
    NO MINVALUE
    NO MAXVALUE
    CACHE 1
);


--
-- Name: user_servcies_subadmin; Type: TABLE; Schema: public; Owner: postgres
--

CREATE TABLE public.user_servcies_subadmin (
    id uuid NOT NULL,
    "userId_id" bigint NOT NULL
);


ALTER TABLE public.user_servcies_subadmin OWNER TO postgres;

--
-- Name: user_servcies_user; Type: TABLE; Schema: public; Owner: postgres
--

CREATE TABLE public.user_servcies_user (
    id bigint NOT NULL,
    password character varying(128) NOT NULL,
    last_login timestamp with time zone,
    is_superuser boolean NOT NULL,
    first_name character varying(150) NOT NULL,
    last_name character varying(150) NOT NULL,
    email character varying(254) NOT NULL,
    is_staff boolean NOT NULL,
    is_active boolean NOT NULL,
    date_joined timestamp with time zone NOT NULL,
    "userType" character varying(100) NOT NULL,
    username character varying(100),
    "mobileNumber" character varying(10) NOT NULL,
    address character varying(100),
    "deviceId" character varying(100),
    "hasPaid" boolean
);


ALTER TABLE public.user_servcies_user OWNER TO postgres;

--
-- Name: user_servcies_user_groups; Type: TABLE; Schema: public; Owner: postgres
--

CREATE TABLE public.user_servcies_user_groups (
    id bigint NOT NULL,
    user_id bigint NOT NULL,
    group_id integer NOT NULL
);


ALTER TABLE public.user_servcies_user_groups OWNER TO postgres;

--
-- Name: user_servcies_user_groups_id_seq; Type: SEQUENCE; Schema: public; Owner: postgres
--

ALTER TABLE public.user_servcies_user_groups ALTER COLUMN id ADD GENERATED BY DEFAULT AS IDENTITY (
    SEQUENCE NAME public.user_servcies_user_groups_id_seq
    START WITH 1
    INCREMENT BY 1
    NO MINVALUE
    NO MAXVALUE
    CACHE 1
);


--
-- Name: user_servcies_user_id_seq; Type: SEQUENCE; Schema: public; Owner: postgres
--

ALTER TABLE public.user_servcies_user ALTER COLUMN id ADD GENERATED BY DEFAULT AS IDENTITY (
    SEQUENCE NAME public.user_servcies_user_id_seq
    START WITH 1
    INCREMENT BY 1
    NO MINVALUE
    NO MAXVALUE
    CACHE 1
);


--
-- Name: user_servcies_user_user_permissions; Type: TABLE; Schema: public; Owner: postgres
--

CREATE TABLE public.user_servcies_user_user_permissions (
    id bigint NOT NULL,
    user_id bigint NOT NULL,
    permission_id integer NOT NULL
);


ALTER TABLE public.user_servcies_user_user_permissions OWNER TO postgres;

--
-- Name: user_servcies_user_user_permissions_id_seq; Type: SEQUENCE; Schema: public; Owner: postgres
--

ALTER TABLE public.user_servcies_user_user_permissions ALTER COLUMN id ADD GENERATED BY DEFAULT AS IDENTITY (
    SEQUENCE NAME public.user_servcies_user_user_permissions_id_seq
    START WITH 1
    INCREMENT BY 1
    NO MINVALUE
    NO MAXVALUE
    CACHE 1
);


--
-- Data for Name: auth_group; Type: TABLE DATA; Schema: public; Owner: postgres
--

COPY public.auth_group (id, name) FROM stdin;
\.


--
-- Data for Name: auth_group_permissions; Type: TABLE DATA; Schema: public; Owner: postgres
--

COPY public.auth_group_permissions (id, group_id, permission_id) FROM stdin;
\.


--
-- Data for Name: auth_permission; Type: TABLE DATA; Schema: public; Owner: postgres
--

COPY public.auth_permission (id, name, content_type_id, codename) FROM stdin;
1	Can add log entry	1	add_logentry
2	Can change log entry	1	change_logentry
3	Can delete log entry	1	delete_logentry
4	Can view log entry	1	view_logentry
5	Can add permission	2	add_permission
6	Can change permission	2	change_permission
7	Can delete permission	2	delete_permission
8	Can view permission	2	view_permission
9	Can add group	3	add_group
10	Can change group	3	change_group
11	Can delete group	3	delete_group
12	Can view group	3	view_group
13	Can add content type	4	add_contenttype
14	Can change content type	4	change_contenttype
15	Can delete content type	4	delete_contenttype
16	Can view content type	4	view_contenttype
17	Can add session	5	add_session
18	Can change session	5	change_session
19	Can delete session	5	delete_session
20	Can view session	5	view_session
21	Can add batch	6	add_batch
22	Can change batch	6	change_batch
23	Can delete batch	6	delete_batch
24	Can view batch	6	view_batch
25	Can add cab	7	add_cab
26	Can change cab	7	change_cab
27	Can delete cab	7	delete_cab
28	Can view cab	7	view_cab
29	Can add pick up points	8	add_pickuppoints
30	Can change pick up points	8	change_pickuppoints
31	Can delete pick up points	8	delete_pickuppoints
32	Can view pick up points	8	view_pickuppoints
33	Can add routes	9	add_routes
34	Can change routes	9	change_routes
35	Can delete routes	9	delete_routes
36	Can view routes	9	view_routes
37	Can add user	10	add_user
38	Can change user	10	change_user
39	Can delete user	10	delete_user
40	Can view user	10	view_user
41	Can add driver	11	add_driver
42	Can change driver	11	change_driver
43	Can delete driver	11	delete_driver
44	Can view driver	11	view_driver
45	Can add commuter	12	add_commuter
46	Can change commuter	12	change_commuter
47	Can delete commuter	12	delete_commuter
48	Can view commuter	12	view_commuter
49	Can add sub admin	13	add_subadmin
50	Can change sub admin	13	change_subadmin
51	Can delete sub admin	13	delete_subadmin
52	Can view sub admin	13	view_subadmin
53	Can add dtodlog	14	add_dtodlog
54	Can change dtodlog	14	change_dtodlog
55	Can delete dtodlog	14	delete_dtodlog
56	Can view dtodlog	14	view_dtodlog
\.


--
-- Data for Name: cab_services_batch; Type: TABLE DATA; Schema: public; Owner: postgres
--

COPY public.cab_services_batch (id, "batchName", "batchTime", "endDate", "startDate", "adminCode_id", end_time) FROM stdin;
1	BATCH1G1	05:30:00	2024-09-17	2024-08-17	db6d34e4-5606-427f-893e-4afd565d6838	14:30:00
3	BATCH3 G3	07:30:00	2024-09-18	2024-08-18	db6d34e4-5606-427f-893e-4afd565d6838	16:30:00
4	BATCH4 G4	07:30:00	2024-09-18	2024-08-18	db6d34e4-5606-427f-893e-4afd565d6838	16:30:00
2	BATCH2 G2	05:30:00	2024-09-18	2024-08-18	db6d34e4-5606-427f-893e-4afd565d6838	14:30:00
6	BATCHX	07:30:00	2024-09-30	2024-08-23	db6d34e4-5606-427f-893e-4afd565d6838	16:30:00
7	53BATCH-A	05:30:00	2024-09-30	2024-08-24	108ef941-9b68-4923-94ef-e900f5742687	14:30:00
8	53BATCH-B	05:30:00	2024-09-30	2024-08-24	108ef941-9b68-4923-94ef-e900f5742687	14:30:00
9	73BATCH-A	07:30:00	2024-08-24	2024-08-24	108ef941-9b68-4923-94ef-e900f5742687	16:30:00
10	73BATCH-B	07:30:00	2024-08-24	2024-08-24	108ef941-9b68-4923-94ef-e900f5742687	16:30:00
\.


--
-- Data for Name: cab_services_cab; Type: TABLE DATA; Schema: public; Owner: postgres
--

COPY public.cab_services_cab (id, "regNumber", capacity, km, "regDate", thumbnail, "adminCode_id", "routeId_id") FROM stdin;
1	GJ16CP4546	10	786	2024-08-17 18:03:23.764889+00	\N	db6d34e4-5606-427f-893e-4afd565d6838	1
2	GJ17BS8989	10	1259	2024-08-17 19:41:20.109419+00	\N	db6d34e4-5606-427f-893e-4afd565d6838	2
3	GJ05SS1358	10	1358	2024-08-17 19:41:58.834577+00	\N	db6d34e4-5606-427f-893e-4afd565d6838	3
4	GJ21NS1457	10	1457	2024-08-17 19:42:53.785855+00	\N	db6d34e4-5606-427f-893e-4afd565d6838	4
5	GJ16AA0001	10	100	2024-08-22 17:28:27.892891+00	\N	ba41b71a-d5f7-40c5-a3b4-93d21eca4095	5
6	GJ16AA0002	10	100	2024-08-22 17:28:42.421063+00	\N	ba41b71a-d5f7-40c5-a3b4-93d21eca4095	6
7	GJ16AA0003	10	100	2024-08-22 17:28:47.87743+00	\N	ba41b71a-d5f7-40c5-a3b4-93d21eca4095	7
8	GJ16AA0004	10	100	2024-08-22 17:28:53.428428+00	\N	ba41b71a-d5f7-40c5-a3b4-93d21eca4095	8
9	GJ16DB1010	10	100	2024-08-24 13:39:35.276359+00	\N	108ef941-9b68-4923-94ef-e900f5742687	9
10	GJ16SB0101	10	100	2024-08-24 13:39:53.271439+00	\N	108ef941-9b68-4923-94ef-e900f5742687	10
11	GJ05RD1100	10	100	2024-08-24 13:40:08.815184+00	\N	108ef941-9b68-4923-94ef-e900f5742687	9
12	GJ05MD0011	10	100	2024-08-24 13:40:22.051958+00	\N	108ef941-9b68-4923-94ef-e900f5742687	10
\.


--
-- Data for Name: cab_services_pickuppoints; Type: TABLE DATA; Schema: public; Owner: postgres
--

COPY public.cab_services_pickuppoints (id, "pickUpPointName", lat, longitude, "adminCode_id", "routeId_id", "inLine") FROM stdin;
1	P1	0	1.1	db6d34e4-5606-427f-893e-4afd565d6838	1	1
2	P2	0	1.1	db6d34e4-5606-427f-893e-4afd565d6838	1	2
3	P3	0	1.1	db6d34e4-5606-427f-893e-4afd565d6838	1	3
4	P4	0	1.1	db6d34e4-5606-427f-893e-4afd565d6838	1	4
5	P5	0	1.1	db6d34e4-5606-427f-893e-4afd565d6838	1	5
6	P6	0	1.1	db6d34e4-5606-427f-893e-4afd565d6838	1	6
7	P7	0	1.1	db6d34e4-5606-427f-893e-4afd565d6838	1	7
8	P8	0	1.1	db6d34e4-5606-427f-893e-4afd565d6838	1	8
9	P9	0	1.1	db6d34e4-5606-427f-893e-4afd565d6838	4	80
10	P10	0	1.1	db6d34e4-5606-427f-893e-4afd565d6838	4	82
11	P11	0	1.1	db6d34e4-5606-427f-893e-4afd565d6838	4	83
12	P12	0	1.1	db6d34e4-5606-427f-893e-4afd565d6838	4	85
13	P13	0	1.1	db6d34e4-5606-427f-893e-4afd565d6838	2	20
14	P21	0	1.1	db6d34e4-5606-427f-893e-4afd565d6838	2	21
15	P22	0	1.1	db6d34e4-5606-427f-893e-4afd565d6838	2	22
16	P23	0	1.1	db6d34e4-5606-427f-893e-4afd565d6838	2	23
17	P24	0	1.1	db6d34e4-5606-427f-893e-4afd565d6838	2	24
18	P25	0	1.1	db6d34e4-5606-427f-893e-4afd565d6838	2	25
19	P26	0	1.1	db6d34e4-5606-427f-893e-4afd565d6838	2	26
20	P27	0	1.1	db6d34e4-5606-427f-893e-4afd565d6838	2	27
21	P28	0	1.1	db6d34e4-5606-427f-893e-4afd565d6838	2	28
22	P29	0	1.1	db6d34e4-5606-427f-893e-4afd565d6838	2	29
23	P30	0	1.1	db6d34e4-5606-427f-893e-4afd565d6838	2	30
24	P31	0	1.1	db6d34e4-5606-427f-893e-4afd565d6838	4	31
25	P32	0	1.1	db6d34e4-5606-427f-893e-4afd565d6838	4	89
26	P33	0	1.1	db6d34e4-5606-427f-893e-4afd565d6838	4	90
27	P34	0	1.1	db6d34e4-5606-427f-893e-4afd565d6838	2	34
28	P35	0	1.1	db6d34e4-5606-427f-893e-4afd565d6838	3	35
29	P36	0	1.1	db6d34e4-5606-427f-893e-4afd565d6838	3	36
30	P37	0	1.1	db6d34e4-5606-427f-893e-4afd565d6838	3	37
31	P38	0	1.1	db6d34e4-5606-427f-893e-4afd565d6838	3	38
32	P39	0	1.1	db6d34e4-5606-427f-893e-4afd565d6838	3	39
33	P40	0	1.1	db6d34e4-5606-427f-893e-4afd565d6838	3	40
34	P41	0	1.1	db6d34e4-5606-427f-893e-4afd565d6838	3	41
35	P42	0	1.1	db6d34e4-5606-427f-893e-4afd565d6838	3	42
36	P43	0	1.1	db6d34e4-5606-427f-893e-4afd565d6838	3	43
37	P44	0	1.1	db6d34e4-5606-427f-893e-4afd565d6838	3	44
38	P1	0	1.1	ba41b71a-d5f7-40c5-a3b4-93d21eca4095	5	1
39	P2	0	1.1	ba41b71a-d5f7-40c5-a3b4-93d21eca4095	5	2
40	P3	0	1.1	ba41b71a-d5f7-40c5-a3b4-93d21eca4095	5	3
41	P4	0	1.1	ba41b71a-d5f7-40c5-a3b4-93d21eca4095	5	4
42	P5	0	1.1	ba41b71a-d5f7-40c5-a3b4-93d21eca4095	5	5
43	P6	0	1.1	ba41b71a-d5f7-40c5-a3b4-93d21eca4095	5	6
44	P7	0	1.1	ba41b71a-d5f7-40c5-a3b4-93d21eca4095	5	7
45	P8	0	1.1	ba41b71a-d5f7-40c5-a3b4-93d21eca4095	5	8
46	P9	0	1.1	ba41b71a-d5f7-40c5-a3b4-93d21eca4095	5	9
47	P10	0	1.1	ba41b71a-d5f7-40c5-a3b4-93d21eca4095	5	10
49	P12	0.1	0.2	ba41b71a-d5f7-40c5-a3b4-93d21eca4095	8	95
50	P11	0	1.1	ba41b71a-d5f7-40c5-a3b4-93d21eca4095	8	85
51	P13	0	1.1	ba41b71a-d5f7-40c5-a3b4-93d21eca4095	6	20
52	P14	0	1.1	ba41b71a-d5f7-40c5-a3b4-93d21eca4095	6	21
53	P15	0	1.1	ba41b71a-d5f7-40c5-a3b4-93d21eca4095	6	22
54	P16	0	1.1	ba41b71a-d5f7-40c5-a3b4-93d21eca4095	6	23
55	P17	0	1.1	ba41b71a-d5f7-40c5-a3b4-93d21eca4095	6	24
56	P18	0	1.1	ba41b71a-d5f7-40c5-a3b4-93d21eca4095	6	25
57	P19	0	1.1	ba41b71a-d5f7-40c5-a3b4-93d21eca4095	6	26
58	P20	0	1.1	ba41b71a-d5f7-40c5-a3b4-93d21eca4095	6	27
59	P21	0	1.1	ba41b71a-d5f7-40c5-a3b4-93d21eca4095	6	28
60	P22	0.1	0.2	ba41b71a-d5f7-40c5-a3b4-93d21eca4095	6	29
61	P23	0	1.1	ba41b71a-d5f7-40c5-a3b4-93d21eca4095	6	30
62	P24	0	1.1	ba41b71a-d5f7-40c5-a3b4-93d21eca4095	6	31
64	P26	0	1.1	ba41b71a-d5f7-40c5-a3b4-93d21eca4095	8	95
63	P25	0.1	0.2	ba41b71a-d5f7-40c5-a3b4-93d21eca4095	8	85
65	P27	0	1.1	ba41b71a-d5f7-40c5-a3b4-93d21eca4095	7	50
66	P28	0	1.1	ba41b71a-d5f7-40c5-a3b4-93d21eca4095	7	51
67	P29	0	1.1	ba41b71a-d5f7-40c5-a3b4-93d21eca4095	7	52
68	P30	0	1.1	ba41b71a-d5f7-40c5-a3b4-93d21eca4095	7	52
69	P31	0	1.1	ba41b71a-d5f7-40c5-a3b4-93d21eca4095	7	53
70	P32	0	1.1	ba41b71a-d5f7-40c5-a3b4-93d21eca4095	7	54
71	P33	0	1.1	ba41b71a-d5f7-40c5-a3b4-93d21eca4095	7	55
72	P34	0	1.1	ba41b71a-d5f7-40c5-a3b4-93d21eca4095	7	36
75	P37	0	1.1	ba41b71a-d5f7-40c5-a3b4-93d21eca4095	8	88
74	P36	0.1	0.2	ba41b71a-d5f7-40c5-a3b4-93d21eca4095	8	97
73	P35	0.1	0.2	ba41b71a-d5f7-40c5-a3b4-93d21eca4095	8	83
76	BYPASS	0	1.1	108ef941-9b68-4923-94ef-e900f5742687	9	1
77	MADHULI CIRCLE	0	1.1	108ef941-9b68-4923-94ef-e900f5742687	9	2
78	APEX	0	1.1	108ef941-9b68-4923-94ef-e900f5742687	9	3
80	VAREDIA	0	1.1	108ef941-9b68-4923-94ef-e900f5742687	11	5
81	MADINA HOTEL	0	1.1	108ef941-9b68-4923-94ef-e900f5742687	10	6
82	DHAL	0	1.1	108ef941-9b68-4923-94ef-e900f5742687	10	7
83	DEPO	0	1.1	108ef941-9b68-4923-94ef-e900f5742687	10	8
84	SAKTINATH	0	1.1	108ef941-9b68-4923-94ef-e900f5742687	10	9
85	SAMBHU DAIRY	0	1.1	108ef941-9b68-4923-94ef-e900f5742687	10	10
86	CCD	0	1.1	108ef941-9b68-4923-94ef-e900f5742687	10	11
87	TULSI DHAM	0	1.1	108ef941-9b68-4923-94ef-e900f5742687	11	12
88	PALEJ	0	1.1	108ef941-9b68-4923-94ef-e900f5742687	11	13
89	UMRAJ PATIA	0	1.1	108ef941-9b68-4923-94ef-e900f5742687	9	14
90	SRAWAN CHOKDI	0	1.1	108ef941-9b68-4923-94ef-e900f5742687	9	15
91	SARYU	0	1.1	108ef941-9b68-4923-94ef-e900f5742687	9	16
92	MRF	0	1.1	108ef941-9b68-4923-94ef-e900f5742687	9	17
93	APEX	0	1.1	108ef941-9b68-4923-94ef-e900f5742687	11	18
94	GNFC	0	1.1	108ef941-9b68-4923-94ef-e900f5742687	11	19
95	PANCHBATTI	0	1.1	108ef941-9b68-4923-94ef-e900f5742687	10	20
96	AYODHYA	0	1.1	108ef941-9b68-4923-94ef-e900f5742687	10	21
97	HDFC	0	1.1	108ef941-9b68-4923-94ef-e900f5742687	10	22
98	INOX	0	1.1	108ef941-9b68-4923-94ef-e900f5742687	10	23
99	TULSIDHAM	0	1.1	108ef941-9b68-4923-94ef-e900f5742687	11	24
100	RAMVATIKA	0	1.1	108ef941-9b68-4923-94ef-e900f5742687	10	25
79	ATITHI Hotel	0.1	0.2	108ef941-9b68-4923-94ef-e900f5742687	11	71
\.


--
-- Data for Name: cab_services_routes; Type: TABLE DATA; Schema: public; Owner: postgres
--

COPY public.cab_services_routes (id, "routeName", "adminCode_id") FROM stdin;
1	ROUTE 1	db6d34e4-5606-427f-893e-4afd565d6838
2	ROUTE 2	db6d34e4-5606-427f-893e-4afd565d6838
3	ROUTE 3	db6d34e4-5606-427f-893e-4afd565d6838
4	COMMON route	db6d34e4-5606-427f-893e-4afd565d6838
5	R1	ba41b71a-d5f7-40c5-a3b4-93d21eca4095
6	R2	ba41b71a-d5f7-40c5-a3b4-93d21eca4095
7	R3	ba41b71a-d5f7-40c5-a3b4-93d21eca4095
8	R4	ba41b71a-d5f7-40c5-a3b4-93d21eca4095
9	R1	108ef941-9b68-4923-94ef-e900f5742687
10	R2	108ef941-9b68-4923-94ef-e900f5742687
11	CR	108ef941-9b68-4923-94ef-e900f5742687
\.


--
-- Data for Name: d2d_log_dtodlog; Type: TABLE DATA; Schema: public; Owner: postgres
--

COPY public.d2d_log_dtodlog (id, "CList", "startTime", "endTime", "tripDate", "batchId_id", return_end_time, return_start_time, "isActive") FROM stdin;
1	{}	2024-08-18 19:54:28.863967+00	\N	2024-08-18	1	\N	\N	t
2	{5}	2024-08-20 16:55:23.705478+00	2024-08-20 16:55:42.177746+00	2024-08-20	1	\N	\N	f
3	{55,56,57,58,59,60,61,64,65,87}	2024-08-26 17:43:09.528968+00	2024-08-26 17:48:40.765612+00	2024-08-26	8	\N	\N	f
4	{}	2024-09-08 18:39:12.898393+00	\N	2024-09-08	3	\N	\N	t
\.


--
-- Data for Name: django_admin_log; Type: TABLE DATA; Schema: public; Owner: postgres
--

COPY public.django_admin_log (id, action_time, object_id, object_repr, action_flag, change_message, content_type_id, user_id) FROM stdin;
\.


--
-- Data for Name: django_content_type; Type: TABLE DATA; Schema: public; Owner: postgres
--

COPY public.django_content_type (id, app_label, model) FROM stdin;
1	admin	logentry
2	auth	permission
3	auth	group
4	contenttypes	contenttype
5	sessions	session
6	cab_services	batch
7	cab_services	cab
8	cab_services	pickuppoints
9	cab_services	routes
10	user_servcies	user
11	user_servcies	driver
12	user_servcies	commuter
13	user_servcies	subadmin
14	d2d_log	dtodlog
\.


--
-- Data for Name: django_migrations; Type: TABLE DATA; Schema: public; Owner: postgres
--

COPY public.django_migrations (id, app, name, applied) FROM stdin;
1	cab_services	0001_initial	2024-08-16 17:19:44.048774+00
2	contenttypes	0001_initial	2024-08-16 17:19:44.067445+00
3	contenttypes	0002_remove_content_type_name	2024-08-16 17:19:44.080058+00
4	auth	0001_initial	2024-08-16 17:19:44.133073+00
5	auth	0002_alter_permission_name_max_length	2024-08-16 17:19:44.143277+00
6	auth	0003_alter_user_email_max_length	2024-08-16 17:19:44.153779+00
7	auth	0004_alter_user_username_opts	2024-08-16 17:19:44.161602+00
8	auth	0005_alter_user_last_login_null	2024-08-16 17:19:44.169476+00
9	auth	0006_require_contenttypes_0002	2024-08-16 17:19:44.172824+00
10	auth	0007_alter_validators_add_error_messages	2024-08-16 17:19:44.18061+00
11	auth	0008_alter_user_username_max_length	2024-08-16 17:19:44.188071+00
12	auth	0009_alter_user_last_name_max_length	2024-08-16 17:19:44.195601+00
13	auth	0010_alter_group_name_max_length	2024-08-16 17:19:44.204515+00
14	auth	0011_update_proxy_permissions	2024-08-16 17:19:44.214343+00
15	auth	0012_alter_user_first_name_max_length	2024-08-16 17:19:44.221956+00
16	user_servcies	0001_initial	2024-08-16 17:19:44.391024+00
17	admin	0001_initial	2024-08-16 17:19:44.431883+00
18	admin	0002_logentry_remove_auto_add	2024-08-16 17:19:44.450324+00
19	admin	0003_logentry_add_action_flag_choices	2024-08-16 17:19:44.469478+00
20	user_servcies	0002_remove_admin_userid_subadmin_and_more	2024-08-16 17:19:44.62489+00
21	cab_services	0002_initial	2024-08-16 17:19:44.776849+00
22	cab_services	0003_alter_batch_admincode_alter_cab_admincode_and_more	2024-08-16 17:19:44.943919+00
23	user_servcies	0003_delete_admin	2024-08-16 17:19:44.953044+00
24	user_servcies	0004_alter_subadmin_id	2024-08-16 17:19:44.977313+00
25	user_servcies	0005_alter_subadmin_id	2024-08-16 17:19:45.101249+00
26	user_servcies	0006_alter_subadmin_id	2024-08-16 17:19:45.133306+00
27	user_servcies	0007_alter_subadmin_id	2024-08-16 17:19:45.158752+00
28	user_servcies	0008_alter_subadmin_id	2024-08-16 17:19:45.302649+00
29	user_servcies	0009_alter_user_mobilenumber	2024-08-16 17:19:45.350054+00
30	cab_services	0004_alter_cab_regnumber_alter_pickuppoints_routeid_and_more	2024-08-16 17:19:45.436691+00
31	cab_services	0005_alter_routes_routename_alter_routes_unique_together	2024-08-16 17:19:45.485902+00
32	cab_services	0006_pickuppoints_inline	2024-08-16 17:19:45.508618+00
33	cab_services	0007_batch_end_time	2024-08-16 17:19:45.529234+00
34	d2d_log	0001_initial	2024-08-16 17:19:45.574483+00
35	d2d_log	0002_dtodlog_return_end_time_dtodlog_return_start_time	2024-08-16 17:19:45.594027+00
36	d2d_log	0003_dtodlog_isactive	2024-08-16 17:19:45.607751+00
37	sessions	0001_initial	2024-08-16 17:19:45.630669+00
38	user_servcies	0010_remove_commuter_address_remove_subadmin_address_and_more	2024-08-16 17:19:45.847584+00
39	user_servcies	0011_alter_driver_unique_together_alter_driver_batchid_and_more	2024-08-16 17:19:45.958678+00
40	user_servcies	0012_alter_driver_batchid_alter_driver_cabid_and_more	2024-08-16 17:19:46.052011+00
\.


--
-- Data for Name: django_session; Type: TABLE DATA; Schema: public; Owner: postgres
--

COPY public.django_session (session_key, session_data, expire_date) FROM stdin;
5qh67b0iv9nx4qhlo09hg1amy9548mjs	.eJxVjMsOwiAQRf-FtSFQ3i7d-w1khgGpGkhKuzL-uzbpQrf3nHNfLMK21riNvMSZ2JlJdvrdENIjtx3QHdqt89TbuszId4UfdPBrp_y8HO7fQYVRv3VxkFzOJSEINaExepJZYJBWWBQp-KACeADjZDGkrfU-oLNeOUMmkGbvD_FLN4s:1sf19g:7U04GC0IsU1TaYdRzMFS3FWdWwXt5M3CDpY43SUHrEU	2024-08-30 17:54:28.000307+00
jpr55ics65tuo6407184xjsbv3xj9z14	.eJxVjMsOwiAQRf-FtSFQ3i7d-w1khgGpGkhKuzL-uzbpQrf3nHNfLMK21riNvMSZ2JlJdvrdENIjtx3QHdqt89TbuszId4UfdPBrp_y8HO7fQYVRv3VxkFzOJSEINaExepJZYJBWWBQp-KACeADjZDGkrfU-oLNeOUMmkGbvD_FLN4s:1sfNer:pV2J4Fkeo7n-XMMUqsxLGAH68RpEe_GQoElxRnzH1XY	2024-08-31 17:56:09.851933+00
r8jkieuy0bj1touczgxtfmjfbavrqk82	.eJxVjMsOwiAQRf-FtSG8O7h07zeQYQCpGkhKuzL-uzbpQrf3nHNfLOC21rCNvIQ5sTOz7PS7RaRHbjtId2y3zqm3dZkj3xV-0MGvPeXn5XD_DiqO-q2JnKSofJLSi4hg1CSUcV4Li84VkNoI5e1kQRRpwJcESpNGEMlkKMTeH7Z8Nrk:1sfly3:hQMBErISPm-ZF4j5uU71p0uHVR-J1sSkrChPDkN6_DI	2024-09-01 19:53:35.381344+00
sit82sxdirm3y7ni07fzg9x7yux99jr8	.eJxVjMsOwiAQRf-FtSG8O7h07zeQYQCpGkhKuzL-uzbpQrf3nHNfLOC21rCNvIQ5sTOz7PS7RaRHbjtId2y3zqm3dZkj3xV-0MGvPeXn5XD_DiqO-q2JnKSofJLSi4hg1CSUcV4Li84VkNoI5e1kQRRpwJcESpNGEMlkKMTeH7Z8Nrk:1sfly6:odyAgaGbBWssymBT31DitsRAfyEYoQDYSC2pHR0fI38	2024-09-01 19:53:38.703645+00
waex4eco6affp2p2v9hnuqp4czy1ukzf	.eJxVjEsOwjAMBe-SNYockjQOS_Y9Q-XaLi2gROpnhbg7VOoCtm9m3st0tK1jty06d5OYizmb0-_WEz-07EDuVG7Vci3rPPV2V-xBF9tW0ef1cP8ORlrGbx0hAfqUSX1G55QFHTahQfCcQYLAgOwa8FHyEAUJKKYYHGvikAXN-wOzgzb4:1sflyk:cT4Et9-NHpf1MiZwh477_ZSZktzjQ43LdEDT7QLKdRU	2024-09-01 19:54:18.349125+00
hi11q4s498fyszqvsa6sipwuc6m7rtyx	.eJxVjMsOwiAQRf-FtSFQ3i7d-w1khgGpGkhKuzL-uzbpQrf3nHNfLMK21riNvMSZ2JlJdvrdENIjtx3QHdqt89TbuszId4UfdPBrp_y8HO7fQYVRv3VxkFzOJSEINaExepJZYJBWWBQp-KACeADjZDGkrfU-oLNeOUMmkGbvD_FLN4s:1sg67u:fOirJYCfbLC7lGx_n3DvW8ag7YjQzyZFaqk-nneaSOc	2024-09-02 17:25:06.640799+00
x61pt6xpml8aul1n3s0va6syrxn37rcf	.eJxVjMsOwiAQRf-FtSFQ3i7d-w1khgGpGkhKuzL-uzbpQrf3nHNfLMK21riNvMSZ2JlJdvrdENIjtx3QHdqt89TbuszId4UfdPBrp_y8HO7fQYVRv3VxkFzOJSEINaExepJZYJBWWBQp-KACeADjZDGkrfU-oLNeOUMmkGbvD_FLN4s:1sg6FY:RK9cbORq89iu8GNRBixjHMLaDSP-oqvBlz_NqAIiRLY	2024-09-02 17:33:00.765747+00
3wuvtz3f2gayp9fz0gko2mx5s5n8m3ck	.eJxVjDsOwjAQBe_iGlnrv6GkzxmstXeNAyiW8qkQd4dIKaB9M_NeIuG2trQtPKeRxEVYLU6_Y8by4GkndMfp1mXp0zqPWe6KPOgih078vB7u30HDpX1r0F4ZMEzOKAiFiFXwNcdwthR9jQ7IQvaxWh1ZB4KIwXrNBdC6gEq8P-eUN0Y:1sgK1Z:Ygy1m1MHACgPKS9O7T43VKCE9nIvObxlpqDUuw_2iYg	2024-09-03 08:15:29.06825+00
2m4fth6d7qbm2f2qtz1si7m8ga3fubi1	.eJxVjDkOwjAUBe_iGllev21Kes4Q_cXCAeRIWSrE3SFSCmjfzLyXGnBb27AtdR5GUWcVvDr9joT8qH0ncsd-mzRPfZ1H0ruiD7ro6yT1eTncv4OGS_vWLvoUJPgEGdAGscISuZSIRJnRgmEjFqg4oJrFpwwFDTIER1gsq_cH-n44AQ:1sgLSi:Mpe4TDaZbfMbY89BLp-cdmtncAypIYEnRAzuXWAlDTY	2024-09-03 09:47:36.860368+00
wrhyabel1xvivzgeeaykjtr1gytdm5po	.eJxVjMsOwiAQRf-FtSFQ3i7d-w1khgGpGkhKuzL-uzbpQrf3nHNfLMK21riNvMSZ2JlJdvrdENIjtx3QHdqt89TbuszId4UfdPBrp_y8HO7fQYVRv3VxkFzOJSEINaExepJZYJBWWBQp-KACeADjZDGkrfU-oLNeOUMmkGbvD_FLN4s:1sgS7Q:zGY87pdGZZjMSXxKdtovHSV6R9Nr7qJBapfHN2wkTGs	2024-09-03 16:54:04.347353+00
od1qhfppjmt9exe4kqsof39uqq7cq6g9	.eJxVjEsOwjAMBe-SNYockjQOS_Y9Q-XaLi2gROpnhbg7VOoCtm9m3st0tK1jty06d5OYizmb0-_WEz-07EDuVG7Vci3rPPV2V-xBF9tW0ef1cP8ORlrGbx0hAfqUSX1G55QFHTahQfCcQYLAgOwa8FHyEAUJKKYYHGvikAXN-wOzgzb4:1sgS8O:hM6srVmTOZ7B1hoFuNsG36KPehcaW2U5xpBxV-rqVU4	2024-09-03 16:55:04.155912+00
fyy50s8fmjpv0ep7kswqoyfdkit7i4kn	.eJxVjMsOwiAQRf-FtSG8O7h07zeQYQCpGkhKuzL-uzbpQrf3nHNfLOC21rCNvIQ5sTOz7PS7RaRHbjtId2y3zqm3dZkj3xV-0MGvPeXn5XD_DiqO-q2JnKSofJLSi4hg1CSUcV4Li84VkNoI5e1kQRRpwJcESpNGEMlkKMTeH7Z8Nrk:1sgS9n:bu0Bv6m1oLt1bF1wes1a7maeIKxqv3OYX8g0vThzrF4	2024-09-03 16:56:31.84817+00
974vg8ttagyzz2fo78u03pr0tlq748fy	.eJxVjDEOwjAMRe-SGUWV6yQuIztniOzEIQXUSk07Ie4OlTrA-t97_2Uib2uNW9MljtmcDaI5_Y7C6aHTTvKdp9ts0zytyyh2V-xBm73OWZ-Xw_07qNzqt-49IgE4ckiUOECnOLA6DEidFxio5CRZuEhBUskKgh7UD-gCQ2_eH-ybN-0:1sgTQI:ymo3d-aezjzVOYLJ0QY9NtdN-mC4UI-R_Cym-9n9eXI	2024-09-03 18:17:38.273008+00
o5zfgyf3qz7x3y43jhwq4cy7tro4c7c0	.eJxVjMsOwiAQRf-FtSFQ3i7d-w1khgGpGkhKuzL-uzbpQrf3nHNfLMK21riNvMSZ2JlJdvrdENIjtx3QHdqt89TbuszId4UfdPBrp_y8HO7fQYVRv3VxkFzOJSEINaExepJZYJBWWBQp-KACeADjZDGkrfU-oLNeOUMmkGbvD_FLN4s:1sh2eT:96WNaeJZ8Z6w4wgE-GrO4hd-Q73-bFJ9r4XZa_tCM_E	2024-09-05 07:54:37.329742+00
mklwa3adfss4rormzs2nehw2iljieok6	.eJxVjDEOwjAMRe-SGUWV6yQuIztniOzEIQXUSk07Ie4OlTrA-t97_2Uib2uNW9MljtmcDaI5_Y7C6aHTTvKdp9ts0zytyyh2V-xBm73OWZ-Xw_07qNzqt-49IgE4ckiUOECnOLA6DEidFxio5CRZuEhBUskKgh7UD-gCQ2_eH-ybN-0:1shBDG:_htm-fGghqeYNTxZQ2Lu6oAbgH_UPlC8aud9VomTgXs	2024-09-05 17:03:06.701614+00
l6abeshq6orj4rybdun55o46yxyj3bgn	.eJxVjMsOwiAQRf-FtSFQ3i7d-w1khgGpGkhKuzL-uzbpQrf3nHNfLMK21riNvMSZ2JlJdvrdENIjtx3QHdqt89TbuszId4UfdPBrp_y8HO7fQYVRv3VxkFzOJSEINaExepJZYJBWWBQp-KACeADjZDGkrfU-oLNeOUMmkGbvD_FLN4s:1shXsl:HtqNri-b3CaMkAr_P3y-Gxd3HrR0L5K2cLFPPJ4AeA0	2024-09-06 17:15:27.670151+00
qg4fki68bw91zuqgxmzqbn556nfbphul	.eJxVjDEOwjAMRe-SGUWV6yQuIztniOzEIQXUSk07Ie4OlTrA-t97_2Uib2uNW9MljtmcDaI5_Y7C6aHTTvKdp9ts0zytyyh2V-xBm73OWZ-Xw_07qNzqt-49IgE4ckiUOECnOLA6DEidFxio5CRZuEhBUskKgh7UD-gCQ2_eH-ybN-0:1shmtx:z0Tf9p8XHQDdVmHfHkNNMzfrQWYIiTt6a0YkaIn3AgI	2024-09-07 09:17:41.410893+00
b4fbh8g8qdqubg7aliy3pf534vw30n37	.eJxVjDsOwjAQRO_iGln-xD9K-pzBWnvXOIAcKU4qxN1JpBRQzrw382YRtrXGrdMSJ2RXNhh2-S0T5Ce1g-AD2n3meW7rMiV-KPyknY8z0ut2un8HFXrd16WgpFCSMhpgD0LYYol8VsYK1GUwmaRWwqgkHeWgpXfSF-cxJQcY2OcLNbI40A:1shnPo:eB1L5V2H5Obg-aktozxicJa3Q3Nz12gWCmpnpfW0tjU	2024-09-07 09:50:36.342698+00
ip4dxtair4b0eae54h0qrez0wcnr92jh	.eJxVjDsOwjAQRO_iGln-xD9K-pzBWnvXOIAcKU4qxN1JpBRQzrw382YRtrXGrdMSJ2RXNhh2-S0T5Ce1g-AD2n3meW7rMiV-KPyknY8z0ut2un8HFXrd16WgpFCSMhpgD0LYYol8VsYK1GUwmaRWwqgkHeWgpXfSF-cxJQcY2OcLNbI40A:1shrQf:muph2w3Bp3NQ69Uzactpcu-vovnSuGz_Nx3QGxy9GBg	2024-09-07 14:07:45.683785+00
uqeowk7tv1wl72va2rtaeqa3ojx2jy3t	.eJxVjDsOwjAQRO_iGln-xD9K-pzBWnvXOIAcKU4qxN1JpBRQzrw382YRtrXGrdMSJ2RXNhh2-S0T5Ce1g-AD2n3meW7rMiV-KPyknY8z0ut2un8HFXrd16WgpFCSMhpgD0LYYol8VsYK1GUwmaRWwqgkHeWgpXfSF-cxJQcY2OcLNbI40A:1shrzo:yIS6laI-46hr9VeRFkmg-LcrmML5ZMZHuww0WO6fuRs	2024-09-07 14:44:04.909404+00
ogy0d5gfckhec1a7t0y8dm8y932rie3l	.eJxVjDsOwjAQRO_iGln-xD9K-pzBWnvXOIAcKU4qxN1JpBRQzrw382YRtrXGrdMSJ2RXNhh2-S0T5Ce1g-AD2n3meW7rMiV-KPyknY8z0ut2un8HFXrd16WgpFCSMhpgD0LYYol8VsYK1GUwmaRWwqgkHeWgpXfSF-cxJQcY2OcLNbI40A:1shwEz:eVPwqngYk_9pCGSunacY3oBUQ9zSwGA91LK0JhDbg68	2024-09-07 19:16:01.380594+00
e0igpr6xq4vak415j5jyr6mns5z0pxlj	.eJxVjDsOwjAQRO_iGln-xD9K-pzBWnvXOIAcKU4qxN1JpBRQzrw382YRtrXGrdMSJ2RXNhh2-S0T5Ce1g-AD2n3meW7rMiV-KPyknY8z0ut2un8HFXrd16WgpFCSMhpgD0LYYol8VsYK1GUwmaRWwqgkHeWgpXfSF-cxJQcY2OcLNbI40A:1si6N6:ZLSJ4XHwBs0mfjDOvYjE9RpHbjiXg6uWgE-Td9jrPI0	2024-09-08 06:05:04.962565+00
bbc5ag6zsssunj06ws5nrgdutbc1055b	.eJxVjDsOwjAQRO_iGln-xD9K-pzBWnvXOIAcKU4qxN1JpBRQzrw382YRtrXGrdMSJ2RXNhh2-S0T5Ce1g-AD2n3meW7rMiV-KPyknY8z0ut2un8HFXrd16WgpFCSMhpgD0LYYol8VsYK1GUwmaRWwqgkHeWgpXfSF-cxJQcY2OcLNbI40A:1si6QU:P_1-ln_64F-11o2_6dIQ4mHmcPNRUMYAPInBVoY0uX0	2024-09-08 06:08:34.40736+00
sfth3c7dyrn18l1h0fcpltozk6iecm4d	.eJxVjMsOwiAQAP-FsyHbwgL16L3fQHYXkKopSR8n47-bJj3odWYybxVp32rc17zEKamrwqAuv5BJnnk-THrQfG9a2rwtE-sj0add9dhSft3O9m9Qaa3HtxOA4kvH2TKhcYYMD4EMehCwztgCwSVM6IqgEQjoWHKx4Lkf-kF9vgDUN6Y:1si6qm:3NNcOJdBOALBgM2VDyjtTjEsF1qanjrov0M81cd-bCU	2024-09-08 06:35:44.360048+00
xprizh1zog8wj9os6yfkuz7v2u5y31vu	.eJxVjMsOwiAQAP-FsyHbwgL16L3fQHYXkKopSR8n47-bJj3odWYybxVp32rc17zEKamrwqAuv5BJnnk-THrQfG9a2rwtE-sj0add9dhSft3O9m9Qaa3HtxOA4kvH2TKhcYYMD4EMehCwztgCwSVM6IqgEQjoWHKx4Lkf-kF9vgDUN6Y:1si6vq:px7KsMPG25O23BvKAvKxr0okNo2Cz-pozyZA8gDugh4	2024-09-08 06:40:58.522328+00
b71amgjumr2f3l3cknt735vh6aub3ed0	.eJxVjDsOwjAQRO_iGln-xD9K-pzBWnvXOIAcKU4qxN1JpBRQzrw382YRtrXGrdMSJ2RXNhh2-S0T5Ce1g-AD2n3meW7rMiV-KPyknY8z0ut2un8HFXrd16WgpFCSMhpgD0LYYol8VsYK1GUwmaRWwqgkHeWgpXfSF-cxJQcY2OcLNbI40A:1si6wZ:4hAxau61eSjmcSYX7-KmmKdHfUtK_t6AQchxChRJQy4	2024-09-08 06:41:43.151261+00
l1bz5857c46x56r1tgotmigxl2tyfj5w	.eJxVjDsOwjAQRO_iGln-xD9K-pzBWnvXOIAcKU4qxN1JpBRQzrw382YRtrXGrdMSJ2RXNhh2-S0T5Ce1g-AD2n3meW7rMiV-KPyknY8z0ut2un8HFXrd16WgpFCSMhpgD0LYYol8VsYK1GUwmaRWwqgkHeWgpXfSF-cxJQcY2OcLNbI40A:1si6xJ:tedWvKk3r1lgHzoA4PYtNKmjLRXg0fXb8FMvtHrIums	2024-09-08 06:42:29.974694+00
0bu5lm4u5xbttc4hn9rmylcogsp1jc7e	.eJxVjDsOwjAQRO_iGln-xD9K-pzBWnvXOIAcKU4qxN1JpBRQzrw382YRtrXGrdMSJ2RXNhh2-S0T5Ce1g-AD2n3meW7rMiV-KPyknY8z0ut2un8HFXrd16WgpFCSMhpgD0LYYol8VsYK1GUwmaRWwqgkHeWgpXfSF-cxJQcY2OcLNbI40A:1siSDC:GUrtEiNy8ayPnEM_xxv3oqXN3EPMuWXByVA62BBeO1g	2024-09-09 05:24:18.227285+00
vop1hilqlxecx9jujcmtrnhrcal4eny9	.eJxVjDsOwjAQRO_iGln-xD9K-pzBWnvXOIAcKU4qxN1JpBRQzrw382YRtrXGrdMSJ2RXNhh2-S0T5Ce1g-AD2n3meW7rMiV-KPyknY8z0ut2un8HFXrd16WgpFCSMhpgD0LYYol8VsYK1GUwmaRWwqgkHeWgpXfSF-cxJQcY2OcLNbI40A:1sidPW:i6s_dia89D6dQoyCStO5PY-e1MDA0IRFt0wScjs4BZo	2024-09-09 17:21:46.668095+00
mln5u3vobwoun1vbvr9fs5sn8fhhp7uz	.eJxVjDsOwjAQRO_iGln-xD9K-pzBWnvXOIAcKU4qxN1JpBRQzrw382YRtrXGrdMSJ2RXNhh2-S0T5Ce1g-AD2n3meW7rMiV-KPyknY8z0ut2un8HFXrd16WgpFCSMhpgD0LYYol8VsYK1GUwmaRWwqgkHeWgpXfSF-cxJQcY2OcLNbI40A:1sidQs:cBONTbdYsnpCZklY4rb9RJxfjMBiennkanZWxVNQQA0	2024-09-09 17:23:10.133317+00
n17ozbi2jos89pej671ppkhq7uz8l25p	.eJxVjEEOwiAQRe_C2hAYWnBcuu8ZyAxMpWpoUtqV8e7apAvd_vfef6lI21ri1mSJU1YXhZ06_Y5M6SF1J_lO9TbrNNd1mVjvij5o08Oc5Xk93L-DQq18axA4W5HkuhQwm4QUPKJ1Y88hW0DjAZhQegojsA2A7LL3FsCgs8Lq_QEByDd9:1sidk0:Xy13WInlyePEbIC0swDJap3uNDK9phVU77ARg-w1csk	2024-09-09 17:42:56.681062+00
25z3zxcgneujhit99vdpqu2x1hjsi2b1	.eJxVjDsOwjAQRO_iGln-xD9K-pzBWnvXOIAcKU4qxN1JpBRQzrw382YRtrXGrdMSJ2RXNhh2-S0T5Ce1g-AD2n3meW7rMiV-KPyknY8z0ut2un8HFXrd16WgpFCSMhpgD0LYYol8VsYK1GUwmaRWwqgkHeWgpXfSF-cxJQcY2OcLNbI40A:1sie4I:1FUSLAuI9swH4hxevgrJmxOlg51INOdf8uve-bKIHoo	2024-09-09 18:03:54.414336+00
3edvd94xktqy5fk9hadocp423x2n6rp3	.eJxVjDsOwjAQRO_iGln-xD9K-pzBWnvXOIAcKU4qxN1JpBRQzrw382YRtrXGrdMSJ2RXNhh2-S0T5Ce1g-AD2n3meW7rMiV-KPyknY8z0ut2un8HFXrd16WgpFCSMhpgD0LYYol8VsYK1GUwmaRWwqgkHeWgpXfSF-cxJQcY2OcLNbI40A:1sie64:KMypJZTYVPQUI1Tot1n___RWKA_BBeNuKTrvcNHGtU8	2024-09-09 18:05:44.192462+00
49p4w5ev71ewzw1b0of6paigkk5mp472	.eJxVjDsOwjAQBe_iGllh_dk1JX3OYK1_OIAcKU4qxN0hUgpo38y8l_C8rdVvPS9-SuIitDj9boHjI7cdpDu32yzj3NZlCnJX5EG7HOeUn9fD_Tuo3Ou3dglAm0JhQFaIQIVcsaCCHhJphwo0nh1lhcwGbbS5BDKEEME6xCjeH7g-Nrk:1snMoT:ElGyJnRaWY1KwVeFeMHBKpTqsIK1QPuiyBj9tJEahuw	2024-09-22 18:39:05.767721+00
blezh2ecngan843ie0rm3pm8wzqxpv1e	.eJxVjMsOwiAQRf-FtSFQ3i7d-w1khgGpGkhKuzL-uzbpQrf3nHNfLMK21riNvMSZ2JlJdvrdENIjtx3QHdqt89TbuszId4UfdPBrp_y8HO7fQYVRv3VxkFzOJSEINaExepJZYJBWWBQp-KACeADjZDGkrfU-oLNeOUMmkGbvD_FLN4s:1snMsJ:RSOwjzDXLbNUxRc-AdLWnTWG2nehL_OzIBiI3R0nioQ	2024-09-22 18:43:03.033548+00
4uqz10k1cz92tgouw1usyp477m0ufacv	.eJxVjMsOwiAQRf-FtSFQ3i7d-w1khgGpGkhKuzL-uzbpQrf3nHNfLMK21riNvMSZ2JlJdvrdENIjtx3QHdqt89TbuszId4UfdPBrp_y8HO7fQYVRv3VxkFzOJSEINaExepJZYJBWWBQp-KACeADjZDGkrfU-oLNeOUMmkGbvD_FLN4s:1sppHj:SKnYnz2G1ld6KqdnnNunfl25rcwTi47Yt3nTv6pfodk	2024-09-29 13:27:27.7383+00
4i42ekivc2e01oe1wqrg6va7v79pplsz	.eJxVjMsOwiAQRf-FtSFQ3i7d-w1khgGpGkhKuzL-uzbpQrf3nHNfLMK21riNvMSZ2JlJdvrdENIjtx3QHdqt89TbuszId4UfdPBrp_y8HO7fQYVRv3VxkFzOJSEINaExepJZYJBWWBQp-KACeADjZDGkrfU-oLNeOUMmkGbvD_FLN4s:1sq6vO:R8wcxSBIgbCBD5NzcPx4smJasu8InNGblmoQVJ4MBTY	2024-09-30 08:17:34.347838+00
v59h7brvqdcvxzkfpqrquexxzsraufjw	.eJxVjMsOwiAQRf-FtSFQ3i7d-w1khgGpGkhKuzL-uzbpQrf3nHNfLMK21riNvMSZ2JlJdvrdENIjtx3QHdqt89TbuszId4UfdPBrp_y8HO7fQYVRv3VxkFzOJSEINaExepJZYJBWWBQp-KACeADjZDGkrfU-oLNeOUMmkGbvD_FLN4s:1sq72E:dD8SfWQ9gRuXBZZ44GS4UI5kCBFgvd_YEmzdRqZ6rIA	2024-09-30 08:24:38.330349+00
irp3lp4eztnxdvsmc2wn6d4tuy1q6wvy	.eJxVjMsOwiAQRf-FtSFQ3i7d-w1khgGpGkhKuzL-uzbpQrf3nHNfLMK21riNvMSZ2JlJdvrdENIjtx3QHdqt89TbuszId4UfdPBrp_y8HO7fQYVRv3VxkFzOJSEINaExepJZYJBWWBQp-KACeADjZDGkrfU-oLNeOUMmkGbvD_FLN4s:1sq76z:BqelMxIMD_8wWX9cPdpBnXXSpEom0gKExPoArxz5wqU	2024-09-30 08:29:33.471402+00
hex1wwffjqzqstx46olfruayq7suii9v	.eJxVjMsOwiAQRf-FtSFQ3i7d-w1khgGpGkhKuzL-uzbpQrf3nHNfLMK21riNvMSZ2JlJdvrdENIjtx3QHdqt89TbuszId4UfdPBrp_y8HO7fQYVRv3VxkFzOJSEINaExepJZYJBWWBQp-KACeADjZDGkrfU-oLNeOUMmkGbvD_FLN4s:1sq9Rx:Zum5EK4YcoNH94aCTbmG-yOp6MzwusgRwN9YWWpGqrs	2024-09-30 10:59:21.149556+00
\.


--
-- Data for Name: user_servcies_commuter; Type: TABLE DATA; Schema: public; Owner: postgres
--

COPY public.user_servcies_commuter (id, "collegeName", "isComing", "adminCode_id", "batchId_id", "cabId_id", "popId_id", "userId_id") FROM stdin;
2	PARUL UNIVERSITY	t	db6d34e4-5606-427f-893e-4afd565d6838	1	1	2	6
3	PARUL UNIVERSITY	t	db6d34e4-5606-427f-893e-4afd565d6838	1	1	3	7
4	PARUL UNIVERSITY	t	db6d34e4-5606-427f-893e-4afd565d6838	1	1	4	8
5	PARUL UNIVERSITY	t	db6d34e4-5606-427f-893e-4afd565d6838	1	1	5	9
6	PARUL UNIVERSITY	t	db6d34e4-5606-427f-893e-4afd565d6838	1	1	6	10
7	PARUL UNIVERSITY	t	db6d34e4-5606-427f-893e-4afd565d6838	1	1	7	11
8	PARUL UNIVERSITY	t	db6d34e4-5606-427f-893e-4afd565d6838	1	1	8	12
9	PARUL UNIVERSITY	t	db6d34e4-5606-427f-893e-4afd565d6838	1	1	9	13
10	PARUL UNIVERSITY	t	db6d34e4-5606-427f-893e-4afd565d6838	1	1	10	14
11	PARUL UNIVERSITY	t	db6d34e4-5606-427f-893e-4afd565d6838	1	1	11	15
12	PARUL UNIVERSITY	t	db6d34e4-5606-427f-893e-4afd565d6838	1	1	12	16
13	PARUL UNIVERSITY	t	db6d34e4-5606-427f-893e-4afd565d6838	1	1	13	17
14	PARUL UNIVERSITY	t	db6d34e4-5606-427f-893e-4afd565d6838	2	2	14	18
15	PARUL UNIVERSITY	t	db6d34e4-5606-427f-893e-4afd565d6838	2	2	15	19
16	PARUL UNIVERSITY	t	db6d34e4-5606-427f-893e-4afd565d6838	2	2	16	20
17	PARUL UNIVERSITY	t	db6d34e4-5606-427f-893e-4afd565d6838	2	2	17	21
18	PARUL UNIVERSITY	t	db6d34e4-5606-427f-893e-4afd565d6838	2	2	18	22
19	PARUL UNIVERSITY	t	db6d34e4-5606-427f-893e-4afd565d6838	2	2	19	23
20	PARUL UNIVERSITY	t	db6d34e4-5606-427f-893e-4afd565d6838	2	2	20	24
21	PARUL UNIVERSITY	t	db6d34e4-5606-427f-893e-4afd565d6838	2	2	21	25
22	PARUL UNIVERSITY	t	db6d34e4-5606-427f-893e-4afd565d6838	2	2	22	26
23	PARUL UNIVERSITY	t	db6d34e4-5606-427f-893e-4afd565d6838	2	2	23	27
24	PARUL UNIVERSITY	t	db6d34e4-5606-427f-893e-4afd565d6838	2	2	24	28
25	PARUL UNIVERSITY	t	db6d34e4-5606-427f-893e-4afd565d6838	2	2	25	29
26	PARUL UNIVERSITY	t	db6d34e4-5606-427f-893e-4afd565d6838	2	2	26	30
27	PARUL UNIVERSITY	t	db6d34e4-5606-427f-893e-4afd565d6838	2	2	27	31
28	PARUL UNIVERSITY	t	db6d34e4-5606-427f-893e-4afd565d6838	2	2	28	32
29	PARUL UNIVERSITY	t	db6d34e4-5606-427f-893e-4afd565d6838	3	3	29	33
30	PARUL UNIVERSITY	t	db6d34e4-5606-427f-893e-4afd565d6838	3	3	30	34
31	PARUL UNIVERSITY	t	db6d34e4-5606-427f-893e-4afd565d6838	3	3	31	35
32	PARUL UNIVERSITY	t	db6d34e4-5606-427f-893e-4afd565d6838	3	3	32	36
33	PARUL UNIVERSITY	t	db6d34e4-5606-427f-893e-4afd565d6838	3	3	33	37
34	PARUL UNIVERSITY	t	db6d34e4-5606-427f-893e-4afd565d6838	3	3	34	38
35	PARUL UNIVERSITY	t	db6d34e4-5606-427f-893e-4afd565d6838	3	3	34	39
36	PARUL UNIVERSITY	t	db6d34e4-5606-427f-893e-4afd565d6838	3	3	36	40
37	PARUL UNIVERSITY	t	db6d34e4-5606-427f-893e-4afd565d6838	3	3	37	41
1	PARUL UNIVERSITY	f	db6d34e4-5606-427f-893e-4afd565d6838	1	1	1	5
38	PARUL UNIVERSITY	t	108ef941-9b68-4923-94ef-e900f5742687	7	9	76	46
39	PARUL UNIVERSITY	t	108ef941-9b68-4923-94ef-e900f5742687	7	9	76	47
40	PARUL UNIVERSITY	t	108ef941-9b68-4923-94ef-e900f5742687	7	9	76	48
41	PARUL UNIVERSITY	t	108ef941-9b68-4923-94ef-e900f5742687	7	9	76	49
42	PARUL UNIVERSITY	t	108ef941-9b68-4923-94ef-e900f5742687	7	9	76	50
43	PARUL UNIVERSITY	t	108ef941-9b68-4923-94ef-e900f5742687	7	9	77	51
45	PARUL UNIVERSITY	t	108ef941-9b68-4923-94ef-e900f5742687	7	9	79	53
46	PARUL UNIVERSITY	t	108ef941-9b68-4923-94ef-e900f5742687	7	9	80	54
58	PARUL UNIVERSITY	t	108ef941-9b68-4923-94ef-e900f5742687	9	11	76	66
59	PARUL UNIVERSITY	t	108ef941-9b68-4923-94ef-e900f5742687	9	11	76	67
60	PARUL UNIVERSITY	t	108ef941-9b68-4923-94ef-e900f5742687	9	11	76	68
61	PARUL UNIVERSITY	t	108ef941-9b68-4923-94ef-e900f5742687	9	11	76	69
62	PARUL UNIVERSITY	t	108ef941-9b68-4923-94ef-e900f5742687	9	11	89	70
63	PARUL UNIVERSITY	t	108ef941-9b68-4923-94ef-e900f5742687	9	11	90	71
65	PARUL UNIVERSITY	t	108ef941-9b68-4923-94ef-e900f5742687	9	11	91	73
66	PARUL UNIVERSITY	t	108ef941-9b68-4923-94ef-e900f5742687	9	11	92	74
67	PARUL UNIVERSITY	t	108ef941-9b68-4923-94ef-e900f5742687	9	11	77	75
68	PARUL UNIVERSITY	t	108ef941-9b68-4923-94ef-e900f5742687	9	11	78	76
54	PARUL UNIVERSITY	f	108ef941-9b68-4923-94ef-e900f5742687	8	10	86	62
56	PARUL UNIVERSITY	t	108ef941-9b68-4923-94ef-e900f5742687	8	10	88	64
48	PARUL UNIVERSITY	t	108ef941-9b68-4923-94ef-e900f5742687	8	10	82	56
49	PARUL UNIVERSITY	t	108ef941-9b68-4923-94ef-e900f5742687	8	10	83	57
64	PARUL UNIVERSITY	f	108ef941-9b68-4923-94ef-e900f5742687	9	11	90	72
50	PARUL UNIVERSITY	f	108ef941-9b68-4923-94ef-e900f5742687	8	10	84	58
52	PARUL UNIVERSITY	t	108ef941-9b68-4923-94ef-e900f5742687	8	10	85	60
53	PARUL UNIVERSITY	t	108ef941-9b68-4923-94ef-e900f5742687	8	10	85	61
55	PARUL UNIVERSITY	t	108ef941-9b68-4923-94ef-e900f5742687	8	10	87	63
57	PARUL UNIVERSITY	t	108ef941-9b68-4923-94ef-e900f5742687	8	10	88	65
47	PARUL UNIVERSITY	t	108ef941-9b68-4923-94ef-e900f5742687	8	10	81	55
51	PARUL UNIVERSITY	t	108ef941-9b68-4923-94ef-e900f5742687	8	10	84	59
69	PARUL UNIVERSITY	t	108ef941-9b68-4923-94ef-e900f5742687	9	11	94	77
70	PARUL UNIVERSITY	t	108ef941-9b68-4923-94ef-e900f5742687	10	12	82	78
71	PARUL UNIVERSITY	t	108ef941-9b68-4923-94ef-e900f5742687	10	12	82	79
72	PARUL UNIVERSITY	t	108ef941-9b68-4923-94ef-e900f5742687	10	12	95	80
74	PARUL UNIVERSITY	t	108ef941-9b68-4923-94ef-e900f5742687	10	12	95	82
73	PARUL UNIVERSITY	t	108ef941-9b68-4923-94ef-e900f5742687	10	12	95	81
75	PARUL UNIVERSITY	t	108ef941-9b68-4923-94ef-e900f5742687	10	12	85	83
76	PARUL UNIVERSITY	t	108ef941-9b68-4923-94ef-e900f5742687	10	9	96	84
77	PARUL UNIVERSITY	t	108ef941-9b68-4923-94ef-e900f5742687	10	9	96	85
78	PARUL UNIVERSITY	t	108ef941-9b68-4923-94ef-e900f5742687	10	9	97	86
81	PARUL UNIVERSITY	t	108ef941-9b68-4923-94ef-e900f5742687	10	9	100	89
80	PARUL UNIVERSITY	t	108ef941-9b68-4923-94ef-e900f5742687	10	9	99	88
79	PARUL UNIVERSITY	f	108ef941-9b68-4923-94ef-e900f5742687	10	9	98	87
\.


--
-- Data for Name: user_servcies_driver; Type: TABLE DATA; Schema: public; Owner: postgres
--

COPY public.user_servcies_driver (id, "adminCode_id", "batchId_id", "cabId_id", "userId_id") FROM stdin;
1	db6d34e4-5606-427f-893e-4afd565d6838	1	1	2
2	db6d34e4-5606-427f-893e-4afd565d6838	2	2	3
3	db6d34e4-5606-427f-893e-4afd565d6838	3	3	4
4	108ef941-9b68-4923-94ef-e900f5742687	7	9	90
6	108ef941-9b68-4923-94ef-e900f5742687	9	11	92
7	108ef941-9b68-4923-94ef-e900f5742687	10	12	93
8	108ef941-9b68-4923-94ef-e900f5742687	8	10	94
\.


--
-- Data for Name: user_servcies_subadmin; Type: TABLE DATA; Schema: public; Owner: postgres
--

COPY public.user_servcies_subadmin (id, "userId_id") FROM stdin;
db6d34e4-5606-427f-893e-4afd565d6838	1
f322d0f5-b74b-46e3-ae70-6cc58d5d6a88	42
f77331e1-1036-434b-8aca-15dc38e07f9a	43
ba41b71a-d5f7-40c5-a3b4-93d21eca4095	44
108ef941-9b68-4923-94ef-e900f5742687	45
\.


--
-- Data for Name: user_servcies_user; Type: TABLE DATA; Schema: public; Owner: postgres
--

COPY public.user_servcies_user (id, password, last_login, is_superuser, first_name, last_name, email, is_staff, is_active, date_joined, "userType", username, "mobileNumber", address, "deviceId", "hasPaid") FROM stdin;
33	pbkdf2_sha256$600000$Izk6XqwKHZzhzLLGfxwALz$ZLhPIbjFZEptZETgx+ceMUU1yrXpw2M575AgfjK14XA=	\N	f	COMMUTER	29	mail@email.com	f	t	2024-08-17 21:11:18.678843+00	COMMUTER	COMMUTER 29	9876543249	ADDRESS	\N	f
34	pbkdf2_sha256$600000$dPP1SODCVoBiQRxfI7RpNj$WOr56Oc4W02BKmK8zfXm7cPZ2AIhutRvDfJvqbJSGiA=	\N	f	COMMUTER	30	mail@email.com	f	t	2024-08-17 21:11:36.197087+00	COMMUTER	COMMUTER 30	9876543250	ADDRESS	\N	f
2	pbkdf2_sha256$600000$9RhPH9dzkOnQ6Y7MFj0yaB$u+0Ifms5h/KGxsNVkCcl9fE8YbdVCeXAddaienCbeFQ=	2024-08-20 16:55:04.150151+00	f	DRIVER	1		f	t	2024-08-17 18:04:02.12397+00	DRIVER	DRIVER 1	9876543210	\N	\N	f
3	pbkdf2_sha256$600000$DkoJnOg7ATGhr2ZMzmVkOn$3sUZegdhtUJDJCrelRImA7XwCs/flI8gPBDlHKpPV8c=	\N	f	DRIVER	2		f	t	2024-08-17 20:58:09.439689+00	DRIVER	DRIVER 2	9876543211	\N	\N	f
6	pbkdf2_sha256$600000$viWsffpCckmn6xpCNUQHI9$2MhNcMvb24iRzXNIUyA3WNs3fnBOx6rIN/EKEHmybEg=	\N	f	COMMUTER	2	mail@email.com	f	t	2024-08-17 21:02:42.054741+00	COMMUTER	COMMUTER 2	9876543222	ADDRESS	\N	f
7	pbkdf2_sha256$600000$azOi2UnwDoaKkwsHh3BPcZ$NKNUBH+hTcGv/m00KUk+xzK9iLE9zoIyAdOCQHKdO7w=	\N	f	COMMUTER	3	mail@email.com	f	t	2024-08-17 21:03:02.107539+00	COMMUTER	COMMUTER 3	9876543223	ADDRESS	\N	f
8	pbkdf2_sha256$600000$2BoDi9XY7Eao9rWftEMlI8$EAF+aF3xdweTcHId7c73TLFOsuc92CUeP/v7ip0dBkY=	\N	f	COMMUTER	4	mail@email.com	f	t	2024-08-17 21:03:21.271964+00	COMMUTER	COMMUTER 4	9876543224	ADDRESS	\N	f
9	pbkdf2_sha256$600000$0Uj393LlOa9q4mdtIcLZjJ$VBJ6XnaElCKnicbRlpZMWCiaNRPyrlDF1u4ofPW5XRA=	\N	f	COMMUTER	5	mail@email.com	f	t	2024-08-17 21:03:39.244401+00	COMMUTER	COMMUTER 5	9876543225	ADDRESS	\N	f
10	pbkdf2_sha256$600000$VQ7IUccdV6ohm7aMfw4kei$NtKpkaSThEQC7rUoVFCMw8vINwNh1S16yuBFposO0Xo=	\N	f	COMMUTER	6	mail@email.com	f	t	2024-08-17 21:03:57.895502+00	COMMUTER	COMMUTER 6	9876543226	ADDRESS	\N	f
11	pbkdf2_sha256$600000$UjzIFZ5U1hdHzm4qmXtdTe$4TXMaPn9cvbcNJTCla0WV7P71k2gzzLF3OuuVhrR1kQ=	\N	f	COMMUTER	7	mail@email.com	f	t	2024-08-17 21:04:16.489326+00	COMMUTER	COMMUTER 7	9876543227	ADDRESS	\N	f
12	pbkdf2_sha256$600000$8uvAtwaIijUUTg3vI9Z2Tv$9W8ecdxTo4jDzf9hgBGIYgvYhnUHNw0mfszjp8sCoPs=	\N	f	COMMUTER	8	mail@email.com	f	t	2024-08-17 21:04:32.355644+00	COMMUTER	COMMUTER 8	9876543228	ADDRESS	\N	f
13	pbkdf2_sha256$600000$G356MNESaJ6uqHkMBF2RTT$Lj9FWfZBv8UB8dg2qPnrKkeAirWCrMROO3MBLDemgbw=	\N	f	COMMUTER	9	mail@email.com	f	t	2024-08-17 21:04:50.981111+00	COMMUTER	COMMUTER 9	9876543229	ADDRESS	\N	f
14	pbkdf2_sha256$600000$7iqss42tQ3LAAmkoPqMlcn$0+aKaDrGzLZBqMIUCOPnEeqhuenUwidRY643ataOYn0=	\N	f	COMMUTER	10	mail@email.com	f	t	2024-08-17 21:05:10.08217+00	COMMUTER	COMMUTER 10	9876543230	ADDRESS	\N	f
15	pbkdf2_sha256$600000$FqyNi03lpkcAz3SFFX8Fdo$s9KNGr5F4JwBLQfyOGil8X6Ea2WVOxwtWVGBqnIVbVs=	\N	f	COMMUTER	11	mail@email.com	f	t	2024-08-17 21:05:26.585022+00	COMMUTER	COMMUTER 11	9876543231	ADDRESS	\N	f
16	pbkdf2_sha256$600000$ckptYfKsBbDUvyVxYsCKSt$9w4EErEUpY1QWxRWcttpduaaLllMxZlv8KJr7RKJ3vg=	\N	f	COMMUTER	12	mail@email.com	f	t	2024-08-17 21:05:43.777049+00	COMMUTER	COMMUTER 12	9876543232	ADDRESS	\N	f
17	pbkdf2_sha256$600000$q4UraLpgI67VykjZZbyFA8$YB4h0ays1EJ2E0Zsmk9jsCGDfkRKJ4msuRandLtbNxk=	\N	f	COMMUTER	13	mail@email.com	f	t	2024-08-17 21:06:06.371564+00	COMMUTER	COMMUTER 13	9876543233	ADDRESS	\N	f
18	pbkdf2_sha256$600000$9PZ3Ig9KCeOl9hurBVLzDd$IYXwMZ0m9xj8YYoXyxFHw9XbBP/3Ccy6b6DckQKZHFA=	\N	f	COMMUTER	14	mail@email.com	f	t	2024-08-17 21:06:24.142792+00	COMMUTER	COMMUTER 14	9876543234	ADDRESS	\N	f
19	pbkdf2_sha256$600000$aGKgcWb0lmpVMw6v4p0se0$KthL1ZWWoz5hooY+GQ09lvVYEYHFUJt5BPlkpTxr/m0=	\N	f	COMMUTER	15	mail@email.com	f	t	2024-08-17 21:07:04.136864+00	COMMUTER	COMMUTER 15	9876543235	ADDRESS	\N	f
20	pbkdf2_sha256$600000$S09nboNA0WpAju857xCt2j$rCY9DfUWA6qzrpEtye4iQjQ6bS0nrITXpC5mQuZj4Ho=	\N	f	COMMUTER	16	mail@email.com	f	t	2024-08-17 21:07:25.982726+00	COMMUTER	COMMUTER 16	9876543236	ADDRESS	\N	f
21	pbkdf2_sha256$600000$5WZA6nFSb0FjxdYp5ezW68$C7smIY8YxsoYo02WTnsNqEa6oWB3UkulILcB6RN0aUg=	\N	f	COMMUTER	17	mail@email.com	f	t	2024-08-17 21:07:40.578542+00	COMMUTER	COMMUTER 17	9876543237	ADDRESS	\N	f
22	pbkdf2_sha256$600000$OdHvOmnfzj7EZq7WnuE0vD$s5zLT7IRXH5AMghFEMiWjedWoAWy88CeSPtZHW49T1U=	\N	f	COMMUTER	18	mail@email.com	f	t	2024-08-17 21:07:59.416283+00	COMMUTER	COMMUTER 18	9876543238	ADDRESS	\N	f
23	pbkdf2_sha256$600000$okzREgN6mytsRI208LGcX0$rL8l7M5PEFhUFIXJtUMauzL1fJGS2KkSjoTSi3D/PLA=	\N	f	COMMUTER	19	mail@email.com	f	t	2024-08-17 21:08:15.171997+00	COMMUTER	COMMUTER 19	9876543239	ADDRESS	\N	f
24	pbkdf2_sha256$600000$8SqbzxMQ1lauxx8evO7Upl$DbeDvh50ZKlxsCuZwXBDxvgzIM45wtVLh0DhsGZBPsE=	\N	f	COMMUTER	20	mail@email.com	f	t	2024-08-17 21:08:32.033966+00	COMMUTER	COMMUTER 20	9876543240	ADDRESS	\N	f
25	pbkdf2_sha256$600000$GFXJC5zlIWuxZtpn8ImK22$9VfgXZtXM59envSXV3dotAcF9C8kbMoMpA0jWwiG/Xo=	\N	f	COMMUTER	21	mail@email.com	f	t	2024-08-17 21:08:52.42166+00	COMMUTER	COMMUTER 21	9876543241	ADDRESS	\N	f
26	pbkdf2_sha256$600000$SdtGSbTRAeLVZUd2notz9v$59AcSYaMnv9WtgGI0lxZbAo21NrnpsNSO8CEfNNJ79M=	\N	f	COMMUTER	22	mail@email.com	f	t	2024-08-17 21:09:06.724772+00	COMMUTER	COMMUTER 22	9876543242	ADDRESS	\N	f
27	pbkdf2_sha256$600000$ynVQGfGRTE0aGgDFw03mIc$yGTeyxa3+5W7aYhhkPp0gkHs9kvz3R2Mlvq5NCky8SU=	\N	f	COMMUTER	23	mail@email.com	f	t	2024-08-17 21:09:26.428824+00	COMMUTER	COMMUTER 23	9876543243	ADDRESS	\N	f
28	pbkdf2_sha256$600000$0v8wjJwT9gi7qhq4aqsH37$3NU2QPYuJHliKQG6B4jdjOM3As3bX9nccU4fQpiaFvU=	\N	f	COMMUTER	24	mail@email.com	f	t	2024-08-17 21:09:42.86841+00	COMMUTER	COMMUTER 24	9876543244	ADDRESS	\N	f
29	pbkdf2_sha256$600000$ULB96W7FDJKqh5UQM6TZD5$mF5QIoXSRmW0U9bU5r1Dqz2sLi3XK7Pt4zB02UGMEj0=	\N	f	COMMUTER	25	mail@email.com	f	t	2024-08-17 21:09:58.315063+00	COMMUTER	COMMUTER 25	9876543245	ADDRESS	\N	f
30	pbkdf2_sha256$600000$7PGN8Iqa4jkLGzjDKDvC9i$8+U3ZhIKp6BUyBeLss0vd1TyIAucT365LeXi+s4mZEE=	\N	f	COMMUTER	26	mail@email.com	f	t	2024-08-17 21:10:13.393738+00	COMMUTER	COMMUTER 26	9876543246	ADDRESS	\N	f
31	pbkdf2_sha256$600000$wVizHSXvmAZFms2LU91vRh$6jXCdcpdFhUn7QAQCVMDMg16VCFmDeZCmO107RmerIU=	\N	f	COMMUTER	27	mail@email.com	f	t	2024-08-17 21:10:30.718191+00	COMMUTER	COMMUTER 27	9876543247	ADDRESS	\N	f
32	pbkdf2_sha256$600000$vYAa7jbT0scTvV9Shi4NmR$iUHtCKvwiU6SWec0+gnrq5LeFoWq3MUihtacMB1kblw=	\N	f	COMMUTER	28	mail@email.com	f	t	2024-08-17 21:10:47.172121+00	COMMUTER	COMMUTER 28	9876543248	ADDRESS	\N	f
35	pbkdf2_sha256$600000$KDSKqPrwiwcrV1wMz3VoSy$hxbozNJSni4jq1SqpnfvXh2jvQgOlA2uudsHMZ6Qwbw=	\N	f	COMMUTER	31	mail@email.com	f	t	2024-08-17 21:11:52.420667+00	COMMUTER	COMMUTER 31	9876543251	ADDRESS	\N	f
36	pbkdf2_sha256$600000$fpkjIpEb1b7dHl9k6yNPSi$/OZFBqZY9WllPsF0iO0MoOOm0O70a6FHeoJ0JMbQnek=	\N	f	COMMUTER	32	mail@email.com	f	t	2024-08-17 21:12:08.082752+00	COMMUTER	COMMUTER 32	9876543252	ADDRESS	\N	f
37	pbkdf2_sha256$600000$syavhOxjSDVqYpGJDAR8jT$QCYU1sKdSkyI5kPyk0S0rxwEZdqqe8hm44K1jVNCbqM=	\N	f	COMMUTER	33	mail@email.com	f	t	2024-08-17 21:12:24.295223+00	COMMUTER	COMMUTER 33	9876543253	ADDRESS	\N	f
4	pbkdf2_sha256$600000$hOAz2kVe6aDkU9IRriu22a$wNUMWB0t9RvjaCyk7jpEJLOLK6maqrGh3m1ay1B3i+U=	2024-09-08 18:39:05.762392+00	f	DRIVER	3		f	t	2024-08-17 20:58:44.300807+00	DRIVER	DRIVER 3	9876543212	\N	\N	f
1	pbkdf2_sha256$600000$8ushu1cREHBmSq5YZb6p7T$rMRhvn/sjPOAtY83NTwr5btA8XdC+GTW0Ageoxfwpcw=	2024-09-16 10:59:21.136175+00	f	Joker			f	t	2024-08-16 17:49:09.780688+00	ADMIN	Joker	9898427941	address	deviceId	f
38	pbkdf2_sha256$600000$87XM5Irx5Jf7tYoZG6rxUX$f8teaHreVWAa5ke2kHc7Dcm2Dayp1ArcEuwV3zP0pvw=	\N	f	COMMUTER	34	mail@email.com	f	t	2024-08-17 21:12:42.186755+00	COMMUTER	COMMUTER 34	9876543254	ADDRESS	\N	f
39	pbkdf2_sha256$600000$NU1Oik1eZiagvv0VPYKAAt$aKbP26cHcC4s+EbBq+VlC2C6xkd+kypoGz89R3BW4Ow=	\N	f	COMMUTER	35	mail@email.com	f	t	2024-08-17 21:13:02.302873+00	COMMUTER	COMMUTER 35	9876543255	ADDRESS	\N	f
40	pbkdf2_sha256$600000$5H5lpnw6lZuK4M6ud0jIYv$8G/2aQuQAx5ixssZ3R8djMvMsTOqqLIY5crQLUws9UA=	\N	f	COMMUTER	36	mail@email.com	f	t	2024-08-17 21:13:21.562231+00	COMMUTER	COMMUTER 36	9876543256	ADDRESS	\N	f
41	pbkdf2_sha256$600000$qNN5PLS6rOMBiBPqsBuOMS$av9cd4cNESKDgmmXkVCNSiOoYFC1uoIhIda/3D/UkLQ=	\N	f	COMMUTER	37	mail@email.com	f	t	2024-08-17 21:13:35.449692+00	COMMUTER	COMMUTER 37	9876543257	ADDRESS	\N	f
59	pbkdf2_sha256$600000$NnWnwfx1guDWX9e3s7hzZD$KceQIhJv4Vp5Ogb9eTeRu8GaNRBpfdQCxg/L33hGTdA=	\N	f	HARDIK		mail@email.com	f	t	2024-08-24 18:31:13.582513+00	COMMUTER	HARDIK	9976543225	ADDRESS	\N	f
42	pbkdf2_sha256$600000$FyoEfIOXDezad1ZOBSH4af$Lih7gv+0tLECOTqL513timFrj4rbTIJqgzbMekgiqTg=	2024-08-20 08:15:29.050788+00	f	void			f	t	2024-08-20 08:15:15.456782+00	ADMIN	void	9909967688	address	SP1A.210812.016	f
60	pbkdf2_sha256$600000$dmhL0c2rN6oMKM5OWHP4nD$C9Jz4g1fF2jAxvaSjYke4KG+1oRLQmTEgcCZ96XuJBk=	\N	f	NAYAN		mail@email.com	f	t	2024-08-24 18:31:36.465614+00	COMMUTER	NAYAN	9976543226	ADDRESS	\N	f
43	pbkdf2_sha256$600000$PyGSjHmZQxQXuTwWeW2l5C$ZzBM8O7qBHyCpkF/+IBdurzRwKY552bWf+xy7yWcvcQ=	2024-08-20 09:47:36.846713+00	f	Shah			f	t	2024-08-20 09:47:22.553097+00	ADMIN	Shah	9173939444	address	UP1A.231005.007	f
5	pbkdf2_sha256$600000$SGX5UYC0ZOgzr40tc5u5NT$aSW2z8B57datokD8zLqqZD+SToWPUDU11A6UGx4Wk30=	2024-08-20 16:56:31.836135+00	f	COMMUTER	1	mail@email.com	f	t	2024-08-17 21:02:25.066936+00	COMMUTER	COMMUTER 1	9876543221	ADDRESS	\N	f
61	pbkdf2_sha256$600000$cUSq711zQBftlOXGUTCe5u$F8gHL3FRY9/GsFfnRHMA6EgcFdCuLd6JJJKdyFe9cwc=	\N	f	SHIVAM		mail@email.com	f	t	2024-08-24 18:31:59.968393+00	COMMUTER	SHIVAM	9976543227	ADDRESS	\N	f
62	pbkdf2_sha256$600000$Ig6TwUsgDvasPILtKt1kCB$cSpTQbVHWF6t4Kdy6ZzNSOnR6jpmtJA6LHJbYq7mddw=	\N	f	AADI		mail@email.com	f	t	2024-08-24 18:32:19.423945+00	COMMUTER	AADI	9976543228	ADDRESS	\N	f
63	pbkdf2_sha256$600000$WVvWjNGffCvD9yjORpQwXe$mzpzq5pymaDSnN2dTc9iB4tI32We3Jk6B5z6I2LSuxI=	\N	f	DARSHAN		mail@email.com	f	t	2024-08-24 18:32:45.243122+00	COMMUTER	DARSHAN	9976543229	ADDRESS	\N	f
44	pbkdf2_sha256$600000$wqzMAIrDRLe25XBCbnZi6D$DIDnQlpbjiaWVY0W+tJaCX7cfFVo5X0GNMyqPaXP23U=	2024-08-24 09:17:41.399511+00	f	Dharmik			f	t	2024-08-20 18:17:27.204696+00	ADMIN	Dharmik	9978880226	address	TP1A.220624.014	f
64	pbkdf2_sha256$600000$OF5Dv7aHQekRkdXJ0lrwwD$TGSC9WiCGZ5f5SzO/OoejT+7st0pW+6ndnwZDKej4FA=	\N	f	HAMZA		mail@email.com	f	t	2024-08-24 18:33:39.794381+00	COMMUTER	HAMZA	9976543244	ADDRESS	\N	f
65	pbkdf2_sha256$600000$toNECs5V3ly7NvU0BFszgt$dXydbHGgHCmsYwHfBnHGrfwOy2Dyz5xufv7oGDdOK08=	\N	f	ANSH		mail@email.com	f	t	2024-08-24 18:34:00.546647+00	COMMUTER	ANSH	9976543245	ADDRESS	\N	f
66	pbkdf2_sha256$600000$aYej29zOi1WZ2o4rfWXoRC$hhOsGGhmtIhVLR38ntJuREPKCV6tAReDmnEB7r4Xpfw=	\N	f	FARDEEN		mail@email.com	f	t	2024-08-24 18:36:00.089943+00	COMMUTER	FARDEEN	8976543251	ADDRESS	\N	f
46	pbkdf2_sha256$600000$GuXucPuHLA5lC96hoBuz8R$kmdhzvdGtuBmTK/II+h6NOFTdpIOcGhp8+memcARTPk=	\N	f	ADNAN		mail@email.com	f	t	2024-08-24 18:02:40.672585+00	COMMUTER	ADNAN	9976543231	ADDRESS	\N	f
47	pbkdf2_sha256$600000$gSUqCBibxx1RPcw1B3JOI0$3jWe6KKLKDGZaNqYiu7ldFSFWfPXOajffxttzgIK/mo=	\N	f	TANVEER		mail@email.com	f	t	2024-08-24 18:08:51.45858+00	COMMUTER	TANVEER	9976543232	ADDRESS	\N	f
48	pbkdf2_sha256$600000$Zz9bYmPKz3aAHDuthQx4Ak$nc+MVwhHoa9mWXwFsiVa3KIoWzIUaQl8qalTwhSQWKo=	\N	f	NAIMUL		mail@email.com	f	t	2024-08-24 18:10:13.630087+00	COMMUTER	NAIMUL	9976543233	ADDRESS	\N	f
49	pbkdf2_sha256$600000$dhL0eNyzZUM2HaaCgPSucM$mI4z07w8mTmQPQVDn21r1P5WzV9F1s76nJ/iFtVmgCs=	\N	f	SAHIL		mail@email.com	f	t	2024-08-24 18:10:41.757086+00	COMMUTER	SAHIL	9976543234	ADDRESS	\N	f
50	pbkdf2_sha256$600000$He1q5rBzevyl2XXueZc6hY$yfHVH3Yic4d8xW8+inmhHDLgqx62+DOvbFMJhd6ENeI=	\N	f	ABDUL		mail@email.com	f	t	2024-08-24 18:11:09.798047+00	COMMUTER	ABDUL	9976543235	ADDRESS	\N	f
51	pbkdf2_sha256$600000$cJcPXKTQaOjB9HGh5sPC1M$TyW74/mcO2oX2UTuT3BkHUDy9YJFRNwj27l5oDBjQ4g=	\N	f	HARSH		mail@email.com	f	t	2024-08-24 18:20:52.242847+00	COMMUTER	HARSH	9976543236	ADDRESS	\N	f
53	pbkdf2_sha256$600000$nENCRRaH26hWAXaef0JUIt$xcMconKJEokHXIDUsX7RUO3eVui8A6T5cOE9g1YzERY=	\N	f	YOGESH		mail@email.com	f	t	2024-08-24 18:23:07.338453+00	COMMUTER	YOGESH	9976543238	ADDRESS	\N	f
54	pbkdf2_sha256$600000$NM7M02H92zekvKQLG8RRHs$pcUUEh7ZPmB3VlpW82PraAVvEdwHbgDpEng1K9ONQ8Y=	\N	f	HUSSAIN		mail@email.com	f	t	2024-08-24 18:23:44.240132+00	COMMUTER	HUSSAIN	9976543239	ADDRESS	\N	f
55	pbkdf2_sha256$600000$NtPu6vgakzXU73qg0udV5X$pxX2JDe5/y+e5ghifxWK5XOgL1dAKhuGU2hDpV8cdiI=	\N	f	MEHFUZ		mail@email.com	f	t	2024-08-24 18:28:16.632934+00	COMMUTER	MEHFUZ	9976543221	ADDRESS	\N	f
56	pbkdf2_sha256$600000$nwrx5NWoyVbB00MocSIjFx$04NcFoDz6diuNaQwhBQD5hkU+G2hCe4u4OqiylLlgHc=	\N	f	HATIM		mail@email.com	f	t	2024-08-24 18:29:18.668026+00	COMMUTER	HATIM	9976543222	ADDRESS	\N	f
57	pbkdf2_sha256$600000$CtE6arerS21pJnZN41IACh$2BVcrVneun8g9pHfdVqpkitIWRw0AoM2fFYcddhBQnE=	\N	f	VANSHAM		mail@email.com	f	t	2024-08-24 18:30:00.541828+00	COMMUTER	VANSHAM	9976543223	ADDRESS	\N	f
67	pbkdf2_sha256$600000$hWIsu0pYOBl5RqMRhbwRGQ$ll3mplWr8j4ejY37RB7OtKfOGe05C49qnLHKP/NyOck=	\N	f	FARDEEN		mail@email.com	f	t	2024-08-24 18:38:18.759005+00	COMMUTER	FARDEEN	9976543251	ADDRESS	\N	f
68	pbkdf2_sha256$600000$LbouQIAjAMMEgLao5WjUja$I71CThN5VmI91OBzelQkEikQP5zrcNfXO3awJvCHV+k=	\N	f	TASLIMA		mail@email.com	f	t	2024-08-24 18:42:30.196156+00	COMMUTER	TASLIMA	9976543252	ADDRESS	\N	f
69	pbkdf2_sha256$600000$CeOJwelGphWyCYH2POtJWJ$zHMP0qC8ede5COfUS8di/Jd7JFKyr5FC6nE6txWpUlU=	\N	f	TABASSUM		mail@email.com	f	t	2024-08-24 18:44:27.689933+00	COMMUTER	TABASSUM	9976543253	ADDRESS	\N	f
70	pbkdf2_sha256$600000$kKFoGfixelEfv5PipkB4sR$z2ccHTp19f5IpnYvBwOWTFG1V54Ro2TggiQ1nEUHGgo=	\N	f	SHRUSHTI		mail@email.com	f	t	2024-08-24 18:44:57.769547+00	COMMUTER	SHRUSHTI	9976543254	ADDRESS	\N	f
71	pbkdf2_sha256$600000$AunBk9Ny0nYD4bNkAHoTYW$5yLBWImqiSLKrVUtk6GuIQ4Xhjm1QGfj2L5ro3zlaQo=	\N	f	RAGINI		mail@email.com	f	t	2024-08-24 18:45:20.312451+00	COMMUTER	RAGINI	9976543255	ADDRESS	\N	f
72	pbkdf2_sha256$600000$CLGWWPAZ7V5nEtS1xkRGHh$JeftpiGst6EtfhJFnGIGw+YllVxH5OSig0Alw0F/Xt4=	\N	f	DIVYESH		mail@email.com	f	t	2024-08-24 18:45:44.192736+00	COMMUTER	DIVYESH	9976543256	ADDRESS	\N	f
73	pbkdf2_sha256$600000$pHmOd0Bv0LETTwjdyiSyqh$D7IM4NADWrEmKygfgVONyH3qU3ExZYIL3DPaZ0YhFOg=	\N	f	VAIBHAV		mail@email.com	f	t	2024-08-24 18:46:08.562414+00	COMMUTER	VAIBHAV	9976543257	ADDRESS	\N	f
74	pbkdf2_sha256$600000$4G8f2rqqpcO3OSiH2FgIrg$QS7g+M1B51+MsIncS6P+h/zq80g/ymQcfTeNGWLzPs8=	\N	f	HARSH		mail@email.com	f	t	2024-08-24 18:46:32.486734+00	COMMUTER	HARSH	9976543258	ADDRESS	\N	f
75	pbkdf2_sha256$600000$0MyF2mxP9QD93sF8mpOKGv$4upu+Q8yllaBKFQTI1kIxpRncqAIZH0thSEnGO6mFEI=	\N	f	CHINTAN		mail@email.com	f	t	2024-08-24 18:46:59.848777+00	COMMUTER	CHINTAN	9976543259	ADDRESS	\N	f
76	pbkdf2_sha256$600000$jnEYVyerrSj18zvXZjaO1p$U43Ya8uzLqrT2F7dhzbGbNdU+Zm8B74oUwZAxBTOKuo=	\N	f	DHRUV		mail@email.com	f	t	2024-08-24 18:48:35.299335+00	COMMUTER	DHRUV	9976543260	ADDRESS	\N	f
77	pbkdf2_sha256$600000$ySfpRaUiKtjms2Yo0A87Ba$MlJZ/e4CE1B+BZ7Adlymh+NJLSOT7/7h8ztP7YQRptQ=	\N	f	DARSH		mail@email.com	f	t	2024-08-24 18:48:57.623417+00	COMMUTER	DARSH	9976543261	ADDRESS	\N	f
78	pbkdf2_sha256$600000$5V7EjoxCo5oE9vG57W6mbR$0EwJ1oYiGwPzN56GcIXs68xKbGfTwJany3EhGkNpE9s=	\N	f	IBRAHIM		mail@email.com	f	t	2024-08-24 18:52:43.178904+00	COMMUTER	IBRAHIM	9976543271	ADDRESS	\N	f
79	pbkdf2_sha256$600000$GSDkyhFoNx9ik4ed5iRQSv$Vd3qTYjMVOAN7lOwXbdWoY4dMuf3Ayq8B130+aHH4GU=	\N	f	HUSSAIN		mail@email.com	f	t	2024-08-24 18:53:08.034279+00	COMMUTER	HUSSAIN	9976543272	ADDRESS	\N	f
80	pbkdf2_sha256$600000$pbEBLIfTFw9O2wI6oQUqEt$SFU5E6G0p95SZJdcsNXtdjuAdWyISyfPXjJ8gI4+h+8=	\N	f	FAIZ		mail@email.com	f	t	2024-08-24 18:53:46.362658+00	COMMUTER	FAIZ	9976543273	ADDRESS	\N	f
82	pbkdf2_sha256$600000$RvJqRPTjZnKTUCShlLNm2x$VRi5Trj1TA9I0OxJBYu5VfNW/rmEuztPkt9woLsv0to=	\N	f	UDAY		mail@email.com	f	t	2024-08-24 18:55:31.023449+00	COMMUTER	UDAY	9976543275	ADDRESS	\N	f
81	pbkdf2_sha256$600000$w03ELaV5zUmzSOhxlQtgqX$1eWgWwZwm/R8qDeW2yi9wqp92+zgSy3Vphr/ohnLrmY=	\N	f	OM	UDAY	mail@email.com	f	t	2024-08-24 18:55:05.525423+00	COMMUTER	OM	9976543274	ADDRESS	\N	f
83	pbkdf2_sha256$600000$RDK9c7EIEJBbHzd26egk5n$L001qA7eoeeSc/Xk2cg5hW9hCR3B2jBzos7Bni8swjc=	\N	f	SHIVAM		mail@email.com	f	t	2024-08-24 18:59:44.284964+00	COMMUTER	SHIVAM	9976543277	ADDRESS	\N	f
84	pbkdf2_sha256$600000$eU3o4p4aaU8awqSCiMpnDu$d04kklRJHoxgB8QXYEbTG04WBGzlMohpfyOw31hWDLg=	\N	f	DHRUV		mail@email.com	f	t	2024-08-24 19:01:10.668694+00	COMMUTER	DHRUV	9976543278	ADDRESS	\N	f
85	pbkdf2_sha256$600000$xgXLzCAjnyWsamySuUU8Qi$+iZo5zrazkEVk67bthfevEQca7kV0zQJsSIIt1GhLM8=	\N	f	NIDHI		mail@email.com	f	t	2024-08-24 19:01:26.112693+00	COMMUTER	NIDHI	9976543279	ADDRESS	\N	f
86	pbkdf2_sha256$600000$vPrwA8i1ZOrKAlRkLvCD0y$KREieNRj3gerTCDOg0Zy5/zg73ev9iNQlBJCTTEmSeI=	\N	f	DEVANSHU		mail@email.com	f	t	2024-08-24 19:01:54.72671+00	COMMUTER	DEVANSHU	9976543280	ADDRESS	\N	f
87	pbkdf2_sha256$600000$iwqHtvDSUwJvYpsUFeRGvt$co/uV/42Tfzm696uztunQdUGg1Fg//ciarlExy5eK1o=	\N	f	JAIMIN		mail@email.com	f	t	2024-08-24 19:02:14.451166+00	COMMUTER	JAIMIN	9976543281	ADDRESS	\N	f
88	pbkdf2_sha256$600000$5GFn9tvypVEbnRnb8j3SHs$xVcgIMXoyslo6YmMVTq4zkvLm1ua/WcDj1lkecdUn08=	\N	f	SAURAV		mail@email.com	f	t	2024-08-24 19:02:39.453367+00	COMMUTER	SAURAV	9976543282	ADDRESS	\N	f
89	pbkdf2_sha256$600000$Y4QTrgrfmK6NV32U4ycbzj$Owrh+IekjCQc8eST0Ao+O2E/Ncla83oCMN8zfEe3vvw=	\N	f	ZEEL		mail@email.com	f	t	2024-08-24 19:02:58.271405+00	COMMUTER	ZEEL	9976543283	ADDRESS	\N	f
90	pbkdf2_sha256$600000$alN6vYWpkFNFFjDpMp9bqY$W6IzhQhxqwCv8EEVKcQf630QcfGDc2sGcHRVaF/iegE=	\N	f	YAKUB	BHAI		f	t	2024-08-24 19:05:27.911954+00	DRIVER	YAKUB BHAI	9976543211	\N	\N	f
91	pbkdf2_sha256$600000$TuN6A3TwoawEmCFTjUot1C$JYi8q3jZHdOZS51P28/2BJXDtBzcfj3RgjuqKnoS6J4=	\N	f	NAWAZ			f	t	2024-08-24 19:06:59.927393+00	DRIVER	NAWAZ	9976543212	\N	\N	f
92	pbkdf2_sha256$600000$KiiRqyry11bjMHB6oyzuus$yGIqPfdv/H0esrenf+UxAKUZj9tiSDJ+3Vq+fw8yAPM=	\N	f	MAHENDRA	BHAI		f	t	2024-08-24 19:07:21.675293+00	DRIVER	MAHENDRA BHAI	9976543213	\N	\N	f
93	pbkdf2_sha256$600000$Tr0CCTWbf4qwElKYQsj87J$dzXcu17lzvsozEtyz2kV2mp/AJICjtU4sN/xudBxUtQ=	\N	f	DAIVAT	BHAI		f	t	2024-08-24 19:07:45.963062+00	DRIVER	DAIVAT BHAI	9976543214	\N	\N	f
58	pbkdf2_sha256$600000$lbZY1gwBGy1t4igJsDl23o$6cCRdJVnRMm5KhU7rcYs0kV2A0PrkSHldNG4I2LSiLM=	2024-08-25 06:40:58.511271+00	f	JENICE		mail@email.com	f	t	2024-08-24 18:30:43.831535+00	COMMUTER	JENICE	9976543224	ADDRESS	\N	f
94	pbkdf2_sha256$600000$MLCqx4gZqHMMvpIhQKpv9R$5MkawOFfN23qbaXum4HZ2RiUKgYioJS4/8czyOjQvEg=	2024-08-26 17:42:56.669391+00	f	NAWAZ	BHAI		f	t	2024-08-24 19:12:52.800836+00	DRIVER	NAWAZ BHAI	9996543212	\N	\N	f
45	pbkdf2_sha256$600000$w71IoFXzXChk8X9PTWHjng$uRNrONFdMpe8oU8xmpaImkw+8FHgXgRtClzJBZFjS04=	2024-08-26 18:05:44.179845+00	f	Ali	Bhai		f	t	2024-08-24 09:50:33.523059+00	ADMIN	Ali Bhai	9067207031	address	UKQ1.230917.001	f
\.


--
-- Data for Name: user_servcies_user_groups; Type: TABLE DATA; Schema: public; Owner: postgres
--

COPY public.user_servcies_user_groups (id, user_id, group_id) FROM stdin;
\.


--
-- Data for Name: user_servcies_user_user_permissions; Type: TABLE DATA; Schema: public; Owner: postgres
--

COPY public.user_servcies_user_user_permissions (id, user_id, permission_id) FROM stdin;
\.


--
-- Name: auth_group_id_seq; Type: SEQUENCE SET; Schema: public; Owner: postgres
--

SELECT pg_catalog.setval('public.auth_group_id_seq', 1, false);


--
-- Name: auth_group_permissions_id_seq; Type: SEQUENCE SET; Schema: public; Owner: postgres
--

SELECT pg_catalog.setval('public.auth_group_permissions_id_seq', 1, false);


--
-- Name: auth_permission_id_seq; Type: SEQUENCE SET; Schema: public; Owner: postgres
--

SELECT pg_catalog.setval('public.auth_permission_id_seq', 56, true);


--
-- Name: cab_services_batch_id_seq; Type: SEQUENCE SET; Schema: public; Owner: postgres
--

SELECT pg_catalog.setval('public.cab_services_batch_id_seq', 10, true);


--
-- Name: cab_services_cab_id_seq; Type: SEQUENCE SET; Schema: public; Owner: postgres
--

SELECT pg_catalog.setval('public.cab_services_cab_id_seq', 12, true);


--
-- Name: cab_services_pickuppoints_id_seq; Type: SEQUENCE SET; Schema: public; Owner: postgres
--

SELECT pg_catalog.setval('public.cab_services_pickuppoints_id_seq', 100, true);


--
-- Name: cab_services_routes_id_seq; Type: SEQUENCE SET; Schema: public; Owner: postgres
--

SELECT pg_catalog.setval('public.cab_services_routes_id_seq', 14, true);


--
-- Name: d2d_log_dtodlog_id_seq; Type: SEQUENCE SET; Schema: public; Owner: postgres
--

SELECT pg_catalog.setval('public.d2d_log_dtodlog_id_seq', 4, true);


--
-- Name: django_admin_log_id_seq; Type: SEQUENCE SET; Schema: public; Owner: postgres
--

SELECT pg_catalog.setval('public.django_admin_log_id_seq', 1, false);


--
-- Name: django_content_type_id_seq; Type: SEQUENCE SET; Schema: public; Owner: postgres
--

SELECT pg_catalog.setval('public.django_content_type_id_seq', 14, true);


--
-- Name: django_migrations_id_seq; Type: SEQUENCE SET; Schema: public; Owner: postgres
--

SELECT pg_catalog.setval('public.django_migrations_id_seq', 40, true);


--
-- Name: user_servcies_commuter_id_seq; Type: SEQUENCE SET; Schema: public; Owner: postgres
--

SELECT pg_catalog.setval('public.user_servcies_commuter_id_seq', 81, true);


--
-- Name: user_servcies_driver_id_seq; Type: SEQUENCE SET; Schema: public; Owner: postgres
--

SELECT pg_catalog.setval('public.user_servcies_driver_id_seq', 8, true);


--
-- Name: user_servcies_user_groups_id_seq; Type: SEQUENCE SET; Schema: public; Owner: postgres
--

SELECT pg_catalog.setval('public.user_servcies_user_groups_id_seq', 1, false);


--
-- Name: user_servcies_user_id_seq; Type: SEQUENCE SET; Schema: public; Owner: postgres
--

SELECT pg_catalog.setval('public.user_servcies_user_id_seq', 94, true);


--
-- Name: user_servcies_user_user_permissions_id_seq; Type: SEQUENCE SET; Schema: public; Owner: postgres
--

SELECT pg_catalog.setval('public.user_servcies_user_user_permissions_id_seq', 1, false);


--
-- Name: auth_group auth_group_name_key; Type: CONSTRAINT; Schema: public; Owner: postgres
--

ALTER TABLE ONLY public.auth_group
    ADD CONSTRAINT auth_group_name_key UNIQUE (name);


--
-- Name: auth_group_permissions auth_group_permissions_group_id_permission_id_0cd325b0_uniq; Type: CONSTRAINT; Schema: public; Owner: postgres
--

ALTER TABLE ONLY public.auth_group_permissions
    ADD CONSTRAINT auth_group_permissions_group_id_permission_id_0cd325b0_uniq UNIQUE (group_id, permission_id);


--
-- Name: auth_group_permissions auth_group_permissions_pkey; Type: CONSTRAINT; Schema: public; Owner: postgres
--

ALTER TABLE ONLY public.auth_group_permissions
    ADD CONSTRAINT auth_group_permissions_pkey PRIMARY KEY (id);


--
-- Name: auth_group auth_group_pkey; Type: CONSTRAINT; Schema: public; Owner: postgres
--

ALTER TABLE ONLY public.auth_group
    ADD CONSTRAINT auth_group_pkey PRIMARY KEY (id);


--
-- Name: auth_permission auth_permission_content_type_id_codename_01ab375a_uniq; Type: CONSTRAINT; Schema: public; Owner: postgres
--

ALTER TABLE ONLY public.auth_permission
    ADD CONSTRAINT auth_permission_content_type_id_codename_01ab375a_uniq UNIQUE (content_type_id, codename);


--
-- Name: auth_permission auth_permission_pkey; Type: CONSTRAINT; Schema: public; Owner: postgres
--

ALTER TABLE ONLY public.auth_permission
    ADD CONSTRAINT auth_permission_pkey PRIMARY KEY (id);


--
-- Name: cab_services_batch cab_services_batch_pkey; Type: CONSTRAINT; Schema: public; Owner: postgres
--

ALTER TABLE ONLY public.cab_services_batch
    ADD CONSTRAINT cab_services_batch_pkey PRIMARY KEY (id);


--
-- Name: cab_services_cab cab_services_cab_pkey; Type: CONSTRAINT; Schema: public; Owner: postgres
--

ALTER TABLE ONLY public.cab_services_cab
    ADD CONSTRAINT cab_services_cab_pkey PRIMARY KEY (id);


--
-- Name: cab_services_cab cab_services_cab_regNumber_51ef432e_uniq; Type: CONSTRAINT; Schema: public; Owner: postgres
--

ALTER TABLE ONLY public.cab_services_cab
    ADD CONSTRAINT "cab_services_cab_regNumber_51ef432e_uniq" UNIQUE ("regNumber");


--
-- Name: cab_services_pickuppoints cab_services_pickuppoints_pkey; Type: CONSTRAINT; Schema: public; Owner: postgres
--

ALTER TABLE ONLY public.cab_services_pickuppoints
    ADD CONSTRAINT cab_services_pickuppoints_pkey PRIMARY KEY (id);


--
-- Name: cab_services_routes cab_services_routes_pkey; Type: CONSTRAINT; Schema: public; Owner: postgres
--

ALTER TABLE ONLY public.cab_services_routes
    ADD CONSTRAINT cab_services_routes_pkey PRIMARY KEY (id);


--
-- Name: cab_services_routes cab_services_routes_routeName_adminCode_id_b4934960_uniq; Type: CONSTRAINT; Schema: public; Owner: postgres
--

ALTER TABLE ONLY public.cab_services_routes
    ADD CONSTRAINT "cab_services_routes_routeName_adminCode_id_b4934960_uniq" UNIQUE ("routeName", "adminCode_id");


--
-- Name: d2d_log_dtodlog d2d_log_dtodlog_pkey; Type: CONSTRAINT; Schema: public; Owner: postgres
--

ALTER TABLE ONLY public.d2d_log_dtodlog
    ADD CONSTRAINT d2d_log_dtodlog_pkey PRIMARY KEY (id);


--
-- Name: django_admin_log django_admin_log_pkey; Type: CONSTRAINT; Schema: public; Owner: postgres
--

ALTER TABLE ONLY public.django_admin_log
    ADD CONSTRAINT django_admin_log_pkey PRIMARY KEY (id);


--
-- Name: django_content_type django_content_type_app_label_model_76bd3d3b_uniq; Type: CONSTRAINT; Schema: public; Owner: postgres
--

ALTER TABLE ONLY public.django_content_type
    ADD CONSTRAINT django_content_type_app_label_model_76bd3d3b_uniq UNIQUE (app_label, model);


--
-- Name: django_content_type django_content_type_pkey; Type: CONSTRAINT; Schema: public; Owner: postgres
--

ALTER TABLE ONLY public.django_content_type
    ADD CONSTRAINT django_content_type_pkey PRIMARY KEY (id);


--
-- Name: django_migrations django_migrations_pkey; Type: CONSTRAINT; Schema: public; Owner: postgres
--

ALTER TABLE ONLY public.django_migrations
    ADD CONSTRAINT django_migrations_pkey PRIMARY KEY (id);


--
-- Name: django_session django_session_pkey; Type: CONSTRAINT; Schema: public; Owner: postgres
--

ALTER TABLE ONLY public.django_session
    ADD CONSTRAINT django_session_pkey PRIMARY KEY (session_key);


--
-- Name: user_servcies_commuter user_servcies_commuter_pkey; Type: CONSTRAINT; Schema: public; Owner: postgres
--

ALTER TABLE ONLY public.user_servcies_commuter
    ADD CONSTRAINT user_servcies_commuter_pkey PRIMARY KEY (id);


--
-- Name: user_servcies_driver user_servcies_driver_batchId_id_cabId_id_519e894d_uniq; Type: CONSTRAINT; Schema: public; Owner: postgres
--

ALTER TABLE ONLY public.user_servcies_driver
    ADD CONSTRAINT "user_servcies_driver_batchId_id_cabId_id_519e894d_uniq" UNIQUE ("batchId_id", "cabId_id");


--
-- Name: user_servcies_driver user_servcies_driver_pkey; Type: CONSTRAINT; Schema: public; Owner: postgres
--

ALTER TABLE ONLY public.user_servcies_driver
    ADD CONSTRAINT user_servcies_driver_pkey PRIMARY KEY (id);


--
-- Name: user_servcies_subadmin user_servcies_subadmin_pkey; Type: CONSTRAINT; Schema: public; Owner: postgres
--

ALTER TABLE ONLY public.user_servcies_subadmin
    ADD CONSTRAINT user_servcies_subadmin_pkey PRIMARY KEY (id);


--
-- Name: user_servcies_user_groups user_servcies_user_groups_pkey; Type: CONSTRAINT; Schema: public; Owner: postgres
--

ALTER TABLE ONLY public.user_servcies_user_groups
    ADD CONSTRAINT user_servcies_user_groups_pkey PRIMARY KEY (id);


--
-- Name: user_servcies_user_groups user_servcies_user_groups_user_id_group_id_a6262557_uniq; Type: CONSTRAINT; Schema: public; Owner: postgres
--

ALTER TABLE ONLY public.user_servcies_user_groups
    ADD CONSTRAINT user_servcies_user_groups_user_id_group_id_a6262557_uniq UNIQUE (user_id, group_id);


--
-- Name: user_servcies_user user_servcies_user_mobileNumber_key; Type: CONSTRAINT; Schema: public; Owner: postgres
--

ALTER TABLE ONLY public.user_servcies_user
    ADD CONSTRAINT "user_servcies_user_mobileNumber_key" UNIQUE ("mobileNumber");


--
-- Name: user_servcies_user user_servcies_user_pkey; Type: CONSTRAINT; Schema: public; Owner: postgres
--

ALTER TABLE ONLY public.user_servcies_user
    ADD CONSTRAINT user_servcies_user_pkey PRIMARY KEY (id);


--
-- Name: user_servcies_user_user_permissions user_servcies_user_user__user_id_permission_id_831f432b_uniq; Type: CONSTRAINT; Schema: public; Owner: postgres
--

ALTER TABLE ONLY public.user_servcies_user_user_permissions
    ADD CONSTRAINT user_servcies_user_user__user_id_permission_id_831f432b_uniq UNIQUE (user_id, permission_id);


--
-- Name: user_servcies_user_user_permissions user_servcies_user_user_permissions_pkey; Type: CONSTRAINT; Schema: public; Owner: postgres
--

ALTER TABLE ONLY public.user_servcies_user_user_permissions
    ADD CONSTRAINT user_servcies_user_user_permissions_pkey PRIMARY KEY (id);


--
-- Name: auth_group_name_a6ea08ec_like; Type: INDEX; Schema: public; Owner: postgres
--

CREATE INDEX auth_group_name_a6ea08ec_like ON public.auth_group USING btree (name varchar_pattern_ops);


--
-- Name: auth_group_permissions_group_id_b120cbf9; Type: INDEX; Schema: public; Owner: postgres
--

CREATE INDEX auth_group_permissions_group_id_b120cbf9 ON public.auth_group_permissions USING btree (group_id);


--
-- Name: auth_group_permissions_permission_id_84c5c92e; Type: INDEX; Schema: public; Owner: postgres
--

CREATE INDEX auth_group_permissions_permission_id_84c5c92e ON public.auth_group_permissions USING btree (permission_id);


--
-- Name: auth_permission_content_type_id_2f476e4b; Type: INDEX; Schema: public; Owner: postgres
--

CREATE INDEX auth_permission_content_type_id_2f476e4b ON public.auth_permission USING btree (content_type_id);


--
-- Name: cab_services_batch_adminCode_id_cc3fb9c0; Type: INDEX; Schema: public; Owner: postgres
--

CREATE INDEX "cab_services_batch_adminCode_id_cc3fb9c0" ON public.cab_services_batch USING btree ("adminCode_id");


--
-- Name: cab_services_cab_adminCode_id_09ada221; Type: INDEX; Schema: public; Owner: postgres
--

CREATE INDEX "cab_services_cab_adminCode_id_09ada221" ON public.cab_services_cab USING btree ("adminCode_id");


--
-- Name: cab_services_cab_regNumber_51ef432e_like; Type: INDEX; Schema: public; Owner: postgres
--

CREATE INDEX "cab_services_cab_regNumber_51ef432e_like" ON public.cab_services_cab USING btree ("regNumber" varchar_pattern_ops);


--
-- Name: cab_services_cab_routeId_id_807d06d6; Type: INDEX; Schema: public; Owner: postgres
--

CREATE INDEX "cab_services_cab_routeId_id_807d06d6" ON public.cab_services_cab USING btree ("routeId_id");


--
-- Name: cab_services_pickuppoints_adminCode_id_c0c9672c; Type: INDEX; Schema: public; Owner: postgres
--

CREATE INDEX "cab_services_pickuppoints_adminCode_id_c0c9672c" ON public.cab_services_pickuppoints USING btree ("adminCode_id");


--
-- Name: cab_services_pickuppoints_routeId_id_4c0ac503; Type: INDEX; Schema: public; Owner: postgres
--

CREATE INDEX "cab_services_pickuppoints_routeId_id_4c0ac503" ON public.cab_services_pickuppoints USING btree ("routeId_id");


--
-- Name: cab_services_routes_adminCode_id_76ec6683; Type: INDEX; Schema: public; Owner: postgres
--

CREATE INDEX "cab_services_routes_adminCode_id_76ec6683" ON public.cab_services_routes USING btree ("adminCode_id");


--
-- Name: d2d_log_dtodlog_batchId_id_cb762f75; Type: INDEX; Schema: public; Owner: postgres
--

CREATE INDEX "d2d_log_dtodlog_batchId_id_cb762f75" ON public.d2d_log_dtodlog USING btree ("batchId_id");


--
-- Name: django_admin_log_content_type_id_c4bce8eb; Type: INDEX; Schema: public; Owner: postgres
--

CREATE INDEX django_admin_log_content_type_id_c4bce8eb ON public.django_admin_log USING btree (content_type_id);


--
-- Name: django_admin_log_user_id_c564eba6; Type: INDEX; Schema: public; Owner: postgres
--

CREATE INDEX django_admin_log_user_id_c564eba6 ON public.django_admin_log USING btree (user_id);


--
-- Name: django_session_expire_date_a5c62663; Type: INDEX; Schema: public; Owner: postgres
--

CREATE INDEX django_session_expire_date_a5c62663 ON public.django_session USING btree (expire_date);


--
-- Name: django_session_session_key_c0390e0f_like; Type: INDEX; Schema: public; Owner: postgres
--

CREATE INDEX django_session_session_key_c0390e0f_like ON public.django_session USING btree (session_key varchar_pattern_ops);


--
-- Name: user_servcies_commuter_adminCode_id_b580c7d1; Type: INDEX; Schema: public; Owner: postgres
--

CREATE INDEX "user_servcies_commuter_adminCode_id_b580c7d1" ON public.user_servcies_commuter USING btree ("adminCode_id");


--
-- Name: user_servcies_commuter_batchId_id_eff65f8a; Type: INDEX; Schema: public; Owner: postgres
--

CREATE INDEX "user_servcies_commuter_batchId_id_eff65f8a" ON public.user_servcies_commuter USING btree ("batchId_id");


--
-- Name: user_servcies_commuter_cabId_id_9243465d; Type: INDEX; Schema: public; Owner: postgres
--

CREATE INDEX "user_servcies_commuter_cabId_id_9243465d" ON public.user_servcies_commuter USING btree ("cabId_id");


--
-- Name: user_servcies_commuter_popId_id_0dcd4ad3; Type: INDEX; Schema: public; Owner: postgres
--

CREATE INDEX "user_servcies_commuter_popId_id_0dcd4ad3" ON public.user_servcies_commuter USING btree ("popId_id");


--
-- Name: user_servcies_commuter_userId_id_0c8f150e; Type: INDEX; Schema: public; Owner: postgres
--

CREATE INDEX "user_servcies_commuter_userId_id_0c8f150e" ON public.user_servcies_commuter USING btree ("userId_id");


--
-- Name: user_servcies_driver_adminCode_id_089eb09a; Type: INDEX; Schema: public; Owner: postgres
--

CREATE INDEX "user_servcies_driver_adminCode_id_089eb09a" ON public.user_servcies_driver USING btree ("adminCode_id");


--
-- Name: user_servcies_driver_batchId_id_d625ca84; Type: INDEX; Schema: public; Owner: postgres
--

CREATE INDEX "user_servcies_driver_batchId_id_d625ca84" ON public.user_servcies_driver USING btree ("batchId_id");


--
-- Name: user_servcies_driver_cabId_id_40d6b2d6; Type: INDEX; Schema: public; Owner: postgres
--

CREATE INDEX "user_servcies_driver_cabId_id_40d6b2d6" ON public.user_servcies_driver USING btree ("cabId_id");


--
-- Name: user_servcies_driver_userId_id_12f9684c; Type: INDEX; Schema: public; Owner: postgres
--

CREATE INDEX "user_servcies_driver_userId_id_12f9684c" ON public.user_servcies_driver USING btree ("userId_id");


--
-- Name: user_servcies_subadmin_userId_id_9f42f95b; Type: INDEX; Schema: public; Owner: postgres
--

CREATE INDEX "user_servcies_subadmin_userId_id_9f42f95b" ON public.user_servcies_subadmin USING btree ("userId_id");


--
-- Name: user_servcies_user_groups_group_id_e6cce362; Type: INDEX; Schema: public; Owner: postgres
--

CREATE INDEX user_servcies_user_groups_group_id_e6cce362 ON public.user_servcies_user_groups USING btree (group_id);


--
-- Name: user_servcies_user_groups_user_id_5d86dc03; Type: INDEX; Schema: public; Owner: postgres
--

CREATE INDEX user_servcies_user_groups_user_id_5d86dc03 ON public.user_servcies_user_groups USING btree (user_id);


--
-- Name: user_servcies_user_mobileNumber_44189ad6_like; Type: INDEX; Schema: public; Owner: postgres
--

CREATE INDEX "user_servcies_user_mobileNumber_44189ad6_like" ON public.user_servcies_user USING btree ("mobileNumber" varchar_pattern_ops);


--
-- Name: user_servcies_user_user_permissions_permission_id_06360f97; Type: INDEX; Schema: public; Owner: postgres
--

CREATE INDEX user_servcies_user_user_permissions_permission_id_06360f97 ON public.user_servcies_user_user_permissions USING btree (permission_id);


--
-- Name: user_servcies_user_user_permissions_user_id_3f7cdf8a; Type: INDEX; Schema: public; Owner: postgres
--

CREATE INDEX user_servcies_user_user_permissions_user_id_3f7cdf8a ON public.user_servcies_user_user_permissions USING btree (user_id);


--
-- Name: auth_group_permissions auth_group_permissio_permission_id_84c5c92e_fk_auth_perm; Type: FK CONSTRAINT; Schema: public; Owner: postgres
--

ALTER TABLE ONLY public.auth_group_permissions
    ADD CONSTRAINT auth_group_permissio_permission_id_84c5c92e_fk_auth_perm FOREIGN KEY (permission_id) REFERENCES public.auth_permission(id) DEFERRABLE INITIALLY DEFERRED;


--
-- Name: auth_group_permissions auth_group_permissions_group_id_b120cbf9_fk_auth_group_id; Type: FK CONSTRAINT; Schema: public; Owner: postgres
--

ALTER TABLE ONLY public.auth_group_permissions
    ADD CONSTRAINT auth_group_permissions_group_id_b120cbf9_fk_auth_group_id FOREIGN KEY (group_id) REFERENCES public.auth_group(id) DEFERRABLE INITIALLY DEFERRED;


--
-- Name: auth_permission auth_permission_content_type_id_2f476e4b_fk_django_co; Type: FK CONSTRAINT; Schema: public; Owner: postgres
--

ALTER TABLE ONLY public.auth_permission
    ADD CONSTRAINT auth_permission_content_type_id_2f476e4b_fk_django_co FOREIGN KEY (content_type_id) REFERENCES public.django_content_type(id) DEFERRABLE INITIALLY DEFERRED;


--
-- Name: cab_services_batch cab_services_batch_adminCode_id_cc3fb9c0_fk; Type: FK CONSTRAINT; Schema: public; Owner: postgres
--

ALTER TABLE ONLY public.cab_services_batch
    ADD CONSTRAINT "cab_services_batch_adminCode_id_cc3fb9c0_fk" FOREIGN KEY ("adminCode_id") REFERENCES public.user_servcies_subadmin(id) DEFERRABLE INITIALLY DEFERRED;


--
-- Name: cab_services_cab cab_services_cab_adminCode_id_09ada221_fk; Type: FK CONSTRAINT; Schema: public; Owner: postgres
--

ALTER TABLE ONLY public.cab_services_cab
    ADD CONSTRAINT "cab_services_cab_adminCode_id_09ada221_fk" FOREIGN KEY ("adminCode_id") REFERENCES public.user_servcies_subadmin(id) DEFERRABLE INITIALLY DEFERRED;


--
-- Name: cab_services_cab cab_services_cab_routeId_id_807d06d6_fk_cab_services_routes_id; Type: FK CONSTRAINT; Schema: public; Owner: postgres
--

ALTER TABLE ONLY public.cab_services_cab
    ADD CONSTRAINT "cab_services_cab_routeId_id_807d06d6_fk_cab_services_routes_id" FOREIGN KEY ("routeId_id") REFERENCES public.cab_services_routes(id) DEFERRABLE INITIALLY DEFERRED;


--
-- Name: cab_services_pickuppoints cab_services_pickupp_routeId_id_4c0ac503_fk_cab_servi; Type: FK CONSTRAINT; Schema: public; Owner: postgres
--

ALTER TABLE ONLY public.cab_services_pickuppoints
    ADD CONSTRAINT "cab_services_pickupp_routeId_id_4c0ac503_fk_cab_servi" FOREIGN KEY ("routeId_id") REFERENCES public.cab_services_routes(id) DEFERRABLE INITIALLY DEFERRED;


--
-- Name: cab_services_pickuppoints cab_services_pickuppoints_adminCode_id_c0c9672c_fk; Type: FK CONSTRAINT; Schema: public; Owner: postgres
--

ALTER TABLE ONLY public.cab_services_pickuppoints
    ADD CONSTRAINT "cab_services_pickuppoints_adminCode_id_c0c9672c_fk" FOREIGN KEY ("adminCode_id") REFERENCES public.user_servcies_subadmin(id) DEFERRABLE INITIALLY DEFERRED;


--
-- Name: cab_services_routes cab_services_routes_adminCode_id_76ec6683_fk; Type: FK CONSTRAINT; Schema: public; Owner: postgres
--

ALTER TABLE ONLY public.cab_services_routes
    ADD CONSTRAINT "cab_services_routes_adminCode_id_76ec6683_fk" FOREIGN KEY ("adminCode_id") REFERENCES public.user_servcies_subadmin(id) DEFERRABLE INITIALLY DEFERRED;


--
-- Name: d2d_log_dtodlog d2d_log_dtodlog_batchId_id_cb762f75_fk_cab_services_batch_id; Type: FK CONSTRAINT; Schema: public; Owner: postgres
--

ALTER TABLE ONLY public.d2d_log_dtodlog
    ADD CONSTRAINT "d2d_log_dtodlog_batchId_id_cb762f75_fk_cab_services_batch_id" FOREIGN KEY ("batchId_id") REFERENCES public.cab_services_batch(id) DEFERRABLE INITIALLY DEFERRED;


--
-- Name: django_admin_log django_admin_log_content_type_id_c4bce8eb_fk_django_co; Type: FK CONSTRAINT; Schema: public; Owner: postgres
--

ALTER TABLE ONLY public.django_admin_log
    ADD CONSTRAINT django_admin_log_content_type_id_c4bce8eb_fk_django_co FOREIGN KEY (content_type_id) REFERENCES public.django_content_type(id) DEFERRABLE INITIALLY DEFERRED;


--
-- Name: django_admin_log django_admin_log_user_id_c564eba6_fk_user_servcies_user_id; Type: FK CONSTRAINT; Schema: public; Owner: postgres
--

ALTER TABLE ONLY public.django_admin_log
    ADD CONSTRAINT django_admin_log_user_id_c564eba6_fk_user_servcies_user_id FOREIGN KEY (user_id) REFERENCES public.user_servcies_user(id) DEFERRABLE INITIALLY DEFERRED;


--
-- Name: user_servcies_commuter user_servcies_commut_batchId_id_eff65f8a_fk_cab_servi; Type: FK CONSTRAINT; Schema: public; Owner: postgres
--

ALTER TABLE ONLY public.user_servcies_commuter
    ADD CONSTRAINT "user_servcies_commut_batchId_id_eff65f8a_fk_cab_servi" FOREIGN KEY ("batchId_id") REFERENCES public.cab_services_batch(id) DEFERRABLE INITIALLY DEFERRED;


--
-- Name: user_servcies_commuter user_servcies_commut_popId_id_0dcd4ad3_fk_cab_servi; Type: FK CONSTRAINT; Schema: public; Owner: postgres
--

ALTER TABLE ONLY public.user_servcies_commuter
    ADD CONSTRAINT "user_servcies_commut_popId_id_0dcd4ad3_fk_cab_servi" FOREIGN KEY ("popId_id") REFERENCES public.cab_services_pickuppoints(id) DEFERRABLE INITIALLY DEFERRED;


--
-- Name: user_servcies_commuter user_servcies_commut_userId_id_0c8f150e_fk_user_serv; Type: FK CONSTRAINT; Schema: public; Owner: postgres
--

ALTER TABLE ONLY public.user_servcies_commuter
    ADD CONSTRAINT "user_servcies_commut_userId_id_0c8f150e_fk_user_serv" FOREIGN KEY ("userId_id") REFERENCES public.user_servcies_user(id) DEFERRABLE INITIALLY DEFERRED;


--
-- Name: user_servcies_commuter user_servcies_commuter_adminCode_id_b580c7d1_fk; Type: FK CONSTRAINT; Schema: public; Owner: postgres
--

ALTER TABLE ONLY public.user_servcies_commuter
    ADD CONSTRAINT "user_servcies_commuter_adminCode_id_b580c7d1_fk" FOREIGN KEY ("adminCode_id") REFERENCES public.user_servcies_subadmin(id) DEFERRABLE INITIALLY DEFERRED;


--
-- Name: user_servcies_commuter user_servcies_commuter_cabId_id_9243465d_fk_cab_services_cab_id; Type: FK CONSTRAINT; Schema: public; Owner: postgres
--

ALTER TABLE ONLY public.user_servcies_commuter
    ADD CONSTRAINT "user_servcies_commuter_cabId_id_9243465d_fk_cab_services_cab_id" FOREIGN KEY ("cabId_id") REFERENCES public.cab_services_cab(id) DEFERRABLE INITIALLY DEFERRED;


--
-- Name: user_servcies_driver user_servcies_driver_adminCode_id_089eb09a_fk; Type: FK CONSTRAINT; Schema: public; Owner: postgres
--

ALTER TABLE ONLY public.user_servcies_driver
    ADD CONSTRAINT "user_servcies_driver_adminCode_id_089eb09a_fk" FOREIGN KEY ("adminCode_id") REFERENCES public.user_servcies_subadmin(id) DEFERRABLE INITIALLY DEFERRED;


--
-- Name: user_servcies_driver user_servcies_driver_batchId_id_d625ca84_fk_cab_servi; Type: FK CONSTRAINT; Schema: public; Owner: postgres
--

ALTER TABLE ONLY public.user_servcies_driver
    ADD CONSTRAINT "user_servcies_driver_batchId_id_d625ca84_fk_cab_servi" FOREIGN KEY ("batchId_id") REFERENCES public.cab_services_batch(id) DEFERRABLE INITIALLY DEFERRED;


--
-- Name: user_servcies_driver user_servcies_driver_cabId_id_40d6b2d6_fk_cab_services_cab_id; Type: FK CONSTRAINT; Schema: public; Owner: postgres
--

ALTER TABLE ONLY public.user_servcies_driver
    ADD CONSTRAINT "user_servcies_driver_cabId_id_40d6b2d6_fk_cab_services_cab_id" FOREIGN KEY ("cabId_id") REFERENCES public.cab_services_cab(id) DEFERRABLE INITIALLY DEFERRED;


--
-- Name: user_servcies_driver user_servcies_driver_userId_id_12f9684c_fk_user_serv; Type: FK CONSTRAINT; Schema: public; Owner: postgres
--

ALTER TABLE ONLY public.user_servcies_driver
    ADD CONSTRAINT "user_servcies_driver_userId_id_12f9684c_fk_user_serv" FOREIGN KEY ("userId_id") REFERENCES public.user_servcies_user(id) DEFERRABLE INITIALLY DEFERRED;


--
-- Name: user_servcies_subadmin user_servcies_subadm_userId_id_9f42f95b_fk_user_serv; Type: FK CONSTRAINT; Schema: public; Owner: postgres
--

ALTER TABLE ONLY public.user_servcies_subadmin
    ADD CONSTRAINT "user_servcies_subadm_userId_id_9f42f95b_fk_user_serv" FOREIGN KEY ("userId_id") REFERENCES public.user_servcies_user(id) DEFERRABLE INITIALLY DEFERRED;


--
-- Name: user_servcies_user_groups user_servcies_user_g_user_id_5d86dc03_fk_user_serv; Type: FK CONSTRAINT; Schema: public; Owner: postgres
--

ALTER TABLE ONLY public.user_servcies_user_groups
    ADD CONSTRAINT user_servcies_user_g_user_id_5d86dc03_fk_user_serv FOREIGN KEY (user_id) REFERENCES public.user_servcies_user(id) DEFERRABLE INITIALLY DEFERRED;


--
-- Name: user_servcies_user_groups user_servcies_user_groups_group_id_e6cce362_fk_auth_group_id; Type: FK CONSTRAINT; Schema: public; Owner: postgres
--

ALTER TABLE ONLY public.user_servcies_user_groups
    ADD CONSTRAINT user_servcies_user_groups_group_id_e6cce362_fk_auth_group_id FOREIGN KEY (group_id) REFERENCES public.auth_group(id) DEFERRABLE INITIALLY DEFERRED;


--
-- Name: user_servcies_user_user_permissions user_servcies_user_u_permission_id_06360f97_fk_auth_perm; Type: FK CONSTRAINT; Schema: public; Owner: postgres
--

ALTER TABLE ONLY public.user_servcies_user_user_permissions
    ADD CONSTRAINT user_servcies_user_u_permission_id_06360f97_fk_auth_perm FOREIGN KEY (permission_id) REFERENCES public.auth_permission(id) DEFERRABLE INITIALLY DEFERRED;


--
-- Name: user_servcies_user_user_permissions user_servcies_user_u_user_id_3f7cdf8a_fk_user_serv; Type: FK CONSTRAINT; Schema: public; Owner: postgres
--

ALTER TABLE ONLY public.user_servcies_user_user_permissions
    ADD CONSTRAINT user_servcies_user_u_user_id_3f7cdf8a_fk_user_serv FOREIGN KEY (user_id) REFERENCES public.user_servcies_user(id) DEFERRABLE INITIALLY DEFERRED;


--
-- PostgreSQL database dump complete
--

